{
  "type": "FeatureCollection",
  "features": [
    {
      "type": "Feature",
      "properties": {
        "layer": "YD-S41"
      },
      "geometry": {
        "type": "Polygon",
        "coordinates": [
          [
            [
              40509.07042970651,
              213089.7360577236
            ],
            [
              40520.37287908803,
              213134.9110306022
            ],
            [
              40529.2334883323,
              213170.3261666303
            ],
            [
              40603.62143269666,
              213164.8028891939
            ],
            [
              0.0,
              0.0
            ],
            [
              40558.663395049814,
              213086.0537983358
            ],
            [
              40509.07042970651,
              213089.7360577236
            ]
          ],
          [
            [
              40583.50300524179,
              213084.2094664394
            ],
            [
              40568.29487361325,
              213136.6554106063
            ],
            [
              40558.663395049814,
              213086.0537983358
            ],
            [
              40583.50300524179,
              213084.2094664394
            ]
          ]
        ]
      }
    },
    {
      "type": "Feature",
      "properties": {
        "layer": "YD-E2"
      },
      "geometry": {
        "type": "MultiPolygon",
        "coordinates": [
          [
            [
              [
                40301.92767333984,
                212646.4268798828
              ],
              [
                40295.37030029296,
                212645.2186889649
              ],
              [
                40292.43432617187,
                212645.0454711914
              ],
              [
                40290.09191894531,
                212645.2330932617
              ],
              [
                40288.14587402344,
                212645.5410766602
              ],
              [
                40284.79211425781,
                212646.3023071289
              ],
              [
                40275.22509765625,
                212654.0234985352
              ],
              [
                40264.35327148437,
                212662.7987060547
              ],
              [
                40245.49151611328,
                212683.044128418
              ],
              [
                40222.25811767578,
                212709.0111083985
              ],
              [
                40211.27032470703,
                212722.4003295899
              ],
              [
                40172.37792968749,
                212762.8107299805
              ],
              [
                40161.12030029296,
                212774.9396972657
              ],
              [
                40142.64031982421,
                212793.2424926758
              ],
              [
                40114.84631347656,
                212817.7711181641
              ],
              [
                40057.13928222656,
                212859.3729248047
              ],
              [
                40039.58190917969,
                212870.4396972656
              ],
              [
                40040.4207063211,
                212886.0973049398
              ],
              [
                40034.83728027344,
                212889.8161010742
              ],
              [
                40033.93669458974,
                212873.9977148516
              ],
              [
                40018.99127197265,
                212883.4180908203
              ],
              [
                39993.43511962891,
                212902.1759033203
              ],
              [
                39963.79827880859,
                212923.9290771485
              ],
              [
                39957.56091308594,
                212941.2951049805
              ],
              [
                39961.59448242188,
                212946.1826782227
              ],
              [
                39964.47509765625,
                212948.7019042969
              ],
              [
                39967.37127685547,
                212953.645690918
              ],
              [
                39968.00451660156,
                212958.1273193359
              ],
              [
                39968.80731201172,
                212963.8068847656
              ],
              [
                39968.8139038086,
                212963.8552856445
              ],
              [
                39973.76593017578,
                212998.9027099609
              ],
              [
                39973.9296875,
                213000.0620727539
              ],
              [
                39982.37829589844,
                212999.6145019531
              ],
              [
                40031.51568603516,
                212997.0104980469
              ],
              [
                40090.89892578125,
                212994.1215209961
              ],
              [
                40095.03912353515,
                212993.8934936523
              ],
              [
                40141.08367919922,
                212989.5678710937
              ],
              [
                40160.14569091796,
                212988.6846923828
              ],
              [
                40162.31188964844,
                212988.5839233399
              ],
              [
                40179.54187011718,
                212989.0380859375
              ],
              [
                40229.64489746094,
                212986.228515625
              ],
              [
                40229.87969970703,
                212986.2266845703
              ],
              [
                40230.38909912109,
                212986.186706543
              ],
              [
                40261.18109130859,
                212984.4600830078
              ],
              [
                40266.53527832031,
                212984.0891113282
              ],
              [
                40270.29388427734,
                212983.8286743164
              ],
              [
                40272.39727783203,
                212983.6826782227
              ],
              [
                40281.14208984375,
                212983.0769042969
              ],
              [
                40296.96868896484,
                212982.3430786133
              ],
              [
                40299.45705434589,
                212982.0715164965
              ],
              [
                40305.38311767577,
                212981.0654907227
              ],
              [
                40308.03247070312,
                212980.2844848633
              ],
              [
                40313.49609374999,
                212977.5061035156
              ],
              [
                40316.62829589843,
                212975.2990722657
              ],
              [
                40319.32067871093,
                212972.8992919922
              ],
              [
                40321.16308593749,
                212970.9285278321
              ],
              [
                40323.80950927734,
                212967.5023193359
              ],
              [
                40324.94171142578,
                212965.2640991211
              ],
              [
                40325.82568359375,
                212963.0479125977
              ],
              [
                40326.513671875,
                212961.0681152344
              ],
              [
                40327.16448974609,
                212958.3286743164
              ],
              [
                40328.79028320312,
                212950.6096801758
              ],
              [
                40339.03027343749,
                212950.219116211
              ],
              [
                40379.021484375,
                212948.6928710937
              ],
              [
                40382.12707519531,
                212948.5742797852
              ],
              [
                40381.53167724609,
                212946.8319091797
              ],
              [
                40379.16931152343,
                212939.920715332
              ],
              [
                40377.42907714844,
                212934.8291015625
              ],
              [
                40369.41004498257,
                212892.53985029453
              ],
              [
                40364.59389721902,
                212894.84091793417
              ],
              [
                40318.05849921592,
                212649.3994258149
              ],
              [
                40301.92767333984,
                212646.4268798828
              ]
            ],
            [
              [
                40365.63092041015,
                212900.3104858398
              ],
              [
                40360.08050537109,
                212903.0322875977
              ],
              [
                40354.55133056641,
                212905.6243286133
              ],
              [
                40350.48272705078,
                212907.5314941406
              ],
              [
                40348.57208251954,
                212908.4271240234
              ],
              [
                40341.23907470703,
                212911.844909668
              ],
              [
                40324.32312011718,
                212919.7279052735
              ],
              [
                40302.09210205078,
                212930.8115234375
              ],
              [
                40282.79907226562,
                212939.7744750977
              ],
              [
                40277.63110351562,
                212942.1751098633
              ],
              [
                40273.43829345703,
                212944.1099243164
              ],
              [
                40269.80291748047,
                212945.787902832
              ],
              [
                40266.2202758789,
                212947.4409179687
              ],
              [
                40265.03070068359,
                212947.9901123047
              ],
              [
                40261.35107421874,
                212949.6881103516
              ],
              [
                40245.21472167968,
                212957.3256835938
              ],
              [
                40219.68811035156,
                212970.1666870117
              ],
              [
                40204.80889892578,
                212976.8944702149
              ],
              [
                40199.9194946289,
                212979.0333251953
              ],
              [
                40194.12347412109,
                212981.5690917969
              ],
              [
                40191.34930419921,
                212982.5911254883
              ],
              [
                40185.5584235705,
                212984.5494609555
              ],
              [
                40182.91607666015,
                212985.1381225586
              ],
              [
                40180.10992431641,
                212985.2719116211
              ],
              [
                40178.28527832031,
                212985.263671875
              ],
              [
                40177.42687988281,
                212985.2808837891
              ],
              [
                40175.53165098875,
                212985.218154382
              ],
              [
                40173.4337171404,
                212984.8195957464
              ],
              [
                40171.85552978515,
                212984.2545166016
              ],
              [
                40170.37268066406,
                212983.556274414
              ],
              [
                40168.10451397054,
                212982.1267949138
              ],
              [
                40166.69891357421,
                212980.7720947266
              ],
              [
                40165.06988525391,
                212978.3090820312
              ],
              [
                40163.47690831894,
                212975.3452739448
              ],
              [
                40163.05889892578,
                212973.787475586
              ],
              [
                40162.74688720703,
                212971.3900756836
              ],
              [
                40162.20812988281,
                212967.2523193359
              ],
              [
                40160.93249511718,
                212954.2844848633
              ],
              [
                40159.94022269257,
                212951.260214017
              ],
              [
                40159.66650390625,
                212950.7554931641
              ],
              [
                40158.81512451172,
                212949.8062744141
              ],
              [
                40157.83908339906,
                212949.0069710966
              ],
              [
                40156.66632080078,
                212948.2614746094
              ],
              [
                40155.66333007813,
                212947.727722168
              ],
              [
                40154.3443074767,
                212947.1271778964
              ],
              [
                40150.17066876282,
                212946.7436831299
              ],
              [
                40127.53887939453,
                212948.8574829101
              ],
              [
                40087.58947753906,
                212954.3007202149
              ],
              [
                40071.32830810546,
                212956.0678710937
              ],
              [
                40064.07989501953,
                212956.6480712891
              ],
              [
                40057.73028564453,
                212956.6176757812
              ],
              [
                40052.66790771484,
                212956.0742797852
              ],
              [
                40049.85888671875,
                212955.5336914063
              ],
              [
                40046.06188964843,
                212954.478515625
              ],
              [
                40043.69427490234,
                212953.2047119141
              ],
              [
                40041.62391757431,
                212951.3994808867
              ],
              [
                40040.12390136718,
                212949.4172973633
              ],
              [
                40038.79071044922,
                212947.0675048828
              ],
              [
                40036.73272705078,
                212941.946105957
              ],
              [
                40035.95788574219,
                212938.8801269531
              ],
              [
                40035.48468017577,
                212934.8123168945
              ],
              [
                40035.39367675781,
                212932.3587036133
              ],
              [
                40035.61309814453,
                212928.7205200196
              ],
              [
                40036.92309570312,
                212915.3978881836
              ],
              [
                40037.63549804687,
                212912.1135253907
              ],
              [
                40038.51147460937,
                212910.3312988281
              ],
              [
                40040.63830566406,
                212907.1284790039
              ],
              [
                40041.45788574218,
                212906.3671264649
              ],
              [
                40042.38067626952,
                212905.5095214844
              ],
              [
                40047.44390869141,
                212903.260925293
              ],
              [
                40049.96447753906,
                212902.4749145508
              ],
              [
                40054.81549072265,
                212901.530090332
              ],
              [
                40075.48229980469,
                212897.9276733399
              ],
              [
                40084.06408691406,
                212895.8419189453
              ],
              [
                40085.24047851563,
                212895.5560913086
              ],
              [
                40086.91888427734,
                212895.0496826172
              ],
              [
                40096.96087646484,
                212890.8676757813
              ],
              [
                40098.16949462891,
                212890.280090332
              ],
              [
                40100.40307617187,
                212888.9426879883
              ],
              [
                40114.05810546875,
                212880.2958984375
              ],
              [
                40120.5864868164,
                212876.120300293
              ],
              [
                40120.92431640625,
                212875.8732910156
              ],
              [
                40121.48571777343,
                212875.5690917969
              ],
              [
                40126.06152343749,
                212872.6348876953
              ],
              [
                40129.4033203125,
                212870.26171875
              ],
              [
                40137.70471191406,
                212864.712097168
              ],
              [
                40139.35327148437,
                212863.6303100586
              ],
              [
                40140.68988037109,
                212862.7532958985
              ],
              [
                40143.546875,
                212861.1389160156
              ],
              [
                40147.46350097656,
                212859.0828857422
              ],
              [
                40149.52130126953,
                212858.1685180664
              ],
              [
                40151.2026977539,
                212857.7308959961
              ],
              [
                40152.54132080078,
                212857.4594726563
              ],
              [
                40155.9536743164,
                212857.2465209961
              ],
              [
                40156.73449707031,
                212857.2188720703
              ],
              [
                40158.25338167271,
                212857.4618226723
              ],
              [
                40159.61814917043,
                212858.2270404107
              ],
              [
                40160.14860654483,
                212860.7563833766
              ],
              [
                40160.64752197265,
                212868.0343017578
              ],
              [
                40162.63189697266,
                212896.9912719727
              ],
              [
                40162.60528564453,
                212902.5942993164
              ],
              [
                40162.86248779296,
                212911.2648925781
              ],
              [
                40163.95788574218,
                212928.0969238282
              ],
              [
                40165.328125,
                212947.0548706055
              ],
              [
                40166.90472412109,
                212965.7938842774
              ],
              [
                40167.47168934176,
                212969.1659086606
              ],
              [
                40167.91147209573,
                212970.5820336289
              ],
              [
                40169.86151123046,
                212974.6895141602
              ],
              [
                40171.31848144531,
                212976.6057128906
              ],
              [
                40172.41448974609,
                212977.5213012695
              ],
              [
                40175.43106490266,
                212979.2210453036
              ],
              [
                40177.82092285156,
                212980.0025024414
              ],
              [
                40179.00567626953,
                212980.114074707
              ],
              [
                40180.42407226563,
                212980.0148925781
              ],
              [
                40182.22448730468,
                212979.7908935547
              ],
              [
                40183.17108154296,
                212979.6505126953
              ],
              [
                40184.13751220703,
                212979.5070800781
              ],
              [
                40185.62988281249,
                212979.1879272461
              ],
              [
                40187.17388916015,
                212978.7661132812
              ],
              [
                40188.11047363281,
                212978.4246826172
              ],
              [
                40201.31091308593,
                212971.9664916992
              ],
              [
                40211.17841159303,
                212967.5681007482
              ],
              [
                40215.32171630859,
                212965.6403198243
              ],
              [
                40249.28887939453,
                212949.839477539
              ],
              [
                40265.81970214843,
                212941.6735229492
              ],
              [
                40266.96652852657,
                212941.1066712502
              ],
              [
                40266.82269287109,
                212937.1231079101
              ],
              [
                40266.24572753906,
                212928.1198730469
              ],
              [
                40262.43872070312,
                212868.7075195313
              ],
              [
                40258.63189697266,
                212809.295288086
              ],
              [
                40254.82507324219,
                212749.8826904297
              ],
              [
                40266.39788818359,
                212750.2691040039
              ],
              [
                40269.07690429688,
                212798.1087036133
              ],
              [
                40271.75567626953,
                212845.9478759766
              ],
              [
                40274.43487548828,
                212893.7874755859
              ],
              [
                40275.35131835938,
                212910.1480712891
              ],
              [
                40276.13610839844,
                212924.1694946289
              ],
              [
                40276.75311279296,
                212935.1862792969
              ],
              [
                40276.85870361328,
                212936.3095092774
              ],
              [
                40293.11212158203,
                212928.7905273438
              ],
              [
                40298.37268066406,
                212926.1290893555
              ],
              [
                40308.71569824219,
                212921.3933105469
              ],
              [
                40317.46130371093,
                212917.2415161133
              ],
              [
                40355.89031982421,
                212898.9993286133
              ],
              [
                40364.59389721902,
                212894.84091793417
              ],
              [
                40365.63092041015,
                212900.3104858398
              ]
            ]
          ],
          [
            [
              [
                40399.80371093751,
                212878.0183105469
              ],
              [
                40428.91967773437,
                212864.1890869141
              ],
              [
                40431.51831054688,
                212862.3068847657
              ],
              [
                40432.53228759765,
                212861.0393066406
              ],
              [
                40433.91888427734,
                212857.9028930664
              ],
              [
                40434.12188720703,
                212856.0833129883
              ],
              [
                40434.21868896484,
                212843.6533203125
              ],
              [
                40434.2548828125,
                212843.2783203125
              ],
              [
                40434.23651123046,
                212841.3649291992
              ],
              [
                40434.30249023437,
                212832.8674926758
              ],
              [
                40434.13909912109,
                212795.7990722656
              ],
              [
                40434.13269042969,
                212794.6052856446
              ],
              [
                40433.80670166015,
                212758.0906982422
              ],
              [
                40433.38970947266,
                212726.8994750977
              ],
              [
                40434.14993690565,
                212683.417334713
              ],
              [
                40433.94671630859,
                212680.112121582
              ],
              [
                40433.6616821289,
                212678.8411254883
              ],
              [
                40433.19427946556,
                212678.0883759699
              ],
              [
                40430.58111572265,
                212677.6168823242
              ],
              [
                40428.16333007812,
                212676.9702758789
              ],
              [
                40419.2866821289,
                212674.3082885742
              ],
              [
                40376.79571533203,
                212663.5877075195
              ],
              [
                40323.553572525045,
                212650.7106811494
              ],
              [
                40369.41004498257,
                212892.53985029453
              ],
              [
                40399.80371093751,
                212878.0183105469
              ]
            ]
          ],
          [
            [
              [
                0.0,
                0.0
              ],
              [
                40318.05849921592,
                212649.3994258149
              ],
              [
                40318.36712646484,
                212649.4562988281
              ],
              [
                40323.553572525045,
                212650.7106811494
              ],
              [
                0.0,
                0.0
              ]
            ]
          ]
        ]
      }
    },
    {
      "type": "Feature",
      "properties": {
        "layer": "YD-R2"
      },
      "geometry": {
        "type": "MultiPolygon",
        "coordinates": [
          [
            [
              [
                41029.48450399751,
                212729.34609144635
              ],
              [
                41031.382064109814,
                212725.13894296472
              ],
              [
                0.0,
                0.0
              ],
              [
                41029.48450399751,
                212729.34609144635
              ]
            ]
          ],
          [
            [
              [
                41094.02048169478,
                212586.2610640893
              ],
              [
                41031.382064109814,
                212725.13894296472
              ],
              [
                41056.86572265625,
                212857.2576904297
              ],
              [
                41056.88311767578,
                212856.5764770508
              ],
              [
                41057.04571533203,
                212853.7330932617
              ],
              [
                41057.37626381881,
                212843.6654352892
              ],
              [
                41094.02048169478,
                212586.2610640893
              ]
            ]
          ],
          [
            [
              [
                40986.19171142642,
                212825.3320922854
              ],
              [
                40962.88106515827,
                212902.80928860526
              ],
              [
                40991.05010986328,
                212902.3618774414
              ],
              [
                40978.57291996135,
                212928.11336697495
              ],
              [
                41054.12496163904,
                212937.4824713081
              ],
              [
                41055.20867919921,
                212905.6928710938
              ],
              [
                41056.45349121093,
                212869.1746826172
              ],
              [
                41029.48450399751,
                212729.34609144635
              ],
              [
                40986.19171142642,
                212825.3320922854
              ]
            ]
          ],
          [
            [
              [
                40943.78009033203,
                212903.1126708984
              ],
              [
                40944.220703125,
                212927.4063110352
              ],
              [
                40955.54229941204,
                212927.20101880122
              ],
              [
                40962.88106515827,
                212902.80928860526
              ],
              [
                40943.78009033203,
                212903.1126708984
              ]
            ]
          ],
          [
            [
              [
                40917.08778022016,
                213055.0116465523
              ],
              [
                40978.57291996135,
                212928.11336697495
              ],
              [
                40969.21633823472,
                212926.9530701987
              ],
              [
                40955.54229941204,
                212927.20101880122
              ],
              [
                40917.08778022016,
                213055.0116465523
              ]
            ]
          ]
        ]
      }
    },
    {
      "type": "Feature",
      "properties": {
        "layer": "YD-A4"
      },
      "geometry": {
        "type": "Polygon",
        "coordinates": [
          [
            [
              0.0,
              0.0
            ],
            [
              40582.26286270998,
              213042.5539824087
            ],
            [
              40583.50300524179,
              213084.2094664394
            ],
            [
              0.0,
              0.0
            ]
          ]
        ]
      }
    },
    {
      "type": "Feature",
      "properties": {
        "layer": "YD-G1"
      },
      "geometry": {
        "type": "MultiPolygon",
        "coordinates": [
          [
            [
              [
                40997.55432128906,
                212776.5364990235
              ],
              [
                40979.78967285156,
                212771.8690795898
              ],
              [
                40961.74011230468,
                212768.4672851563
              ],
              [
                40943.49572753906,
                212766.3479003906
              ],
              [
                40941.29652826337,
                212766.1708571448
              ],
              [
                40941.5324938813,
                212779.1822857628
              ],
              [
                40961.52920581642,
                212778.8196402281
              ],
              [
                40913.32445389711,
                213074.9214840124
              ],
              [
                41022.05977869342,
                212815.2373494141
              ],
              [
                41058.292782925964,
                212694.80051681434
              ],
              [
                0.0,
                0.0
              ],
              [
                40997.55432128906,
                212776.5364990235
              ]
            ]
          ],
          [
            [
              [
                41096.96357199801,
                212566.2606000004
              ],
              [
                41058.292782925964,
                212694.80051681434
              ],
              [
                41078.78868949381,
                212800.9757243883
              ],
              [
                41096.96357199801,
                212566.2606000004
              ]
            ]
          ]
        ]
      }
    },
    {
      "type": "Feature",
      "properties": {
        "layer": "YD-E1"
      },
      "geometry": {
        "type": "MultiPolygon",
        "coordinates": [
          [
            [
              [
                0.0,
                0.0
              ],
              [
                40909.022490248855,
                212752.17922555475
              ],
              [
                40911.03719089309,
                212752.1426884383
              ],
              [
                0.0,
                0.0
              ]
            ]
          ],
          [
            [
              [
                40585.62569999974,
                212685.0066999998
              ],
              [
                40484.39031982422,
                212660.469909668
              ],
              [
                40477.96449999976,
                212662.7003095867
              ],
              [
                40477.96449999976,
                212680.4838035118
              ],
              [
                40562.04907226562,
                212700.1467285156
              ],
              [
                40578.48413085937,
                212703.3917236328
              ],
              [
                40595.10430908203,
                212705.4866943359
              ],
              [
                40611.830078125,
                212706.421081543
              ],
              [
                40671.89392089844,
                212707.6860961914
              ],
              [
                40678.64971923828,
                212708.1585083008
              ],
              [
                40685.32690429687,
                212709.2877197266
              ],
              [
                40691.86267089843,
                212711.0618896484
              ],
              [
                40698.19427490234,
                212713.4649047852
              ],
              [
                40751.05112889312,
                212736.53573878115
              ],
              [
                40793.85180000029,
                212733.3215999994
              ],
              [
                40686.84750000015,
                212689.5131999999
              ],
              [
                40585.62569999974,
                212685.0066999998
              ]
            ]
          ],
          [
            [
              [
                40769.84832763671,
                212744.7402954102
              ],
              [
                40751.05112889312,
                212736.53573878115
              ],
              [
                40426.11692646636,
                212760.9368426544
              ],
              [
                40801.0353245481,
                212754.13760069018
              ],
              [
                40791.75030517578,
                212752.2114868164
              ],
              [
                40780.64447021484,
                212748.9295043945
              ],
              [
                40769.84832763671,
                212744.7402954102
              ]
            ]
          ],
          [
            [
              [
                40911.2477255509,
                212763.7518232601
              ],
              [
                40909.022490248855,
                212752.17922555475
              ],
              [
                40801.0353245481,
                212754.13760069018
              ],
              [
                40803.08947753906,
                212754.5637207031
              ],
              [
                40814.58447265625,
                212755.9700927735
              ],
              [
                40911.2477255509,
                212763.7518232601
              ]
            ]
          ]
        ]
      }
    },
    {
      "type": "Feature",
      "properties": {
        "layer": "YD-E1"
      },
      "geometry": {
        "type": "MultiPolygon",
        "coordinates": [
          [
            [
              [
                41073.36871044995,
                212772.99345293368
              ],
              [
                41084.02333521198,
                212772.9238308562
              ],
              [
                41076.76709999982,
                212775.4243999999
              ],
              [
                41073.6827264344,
                212774.62015468962
              ],
              [
                41077.03555784789,
                212791.98887799596
              ],
              [
                41098.58254489505,
                212792.7234285198
              ],
              [
                0.0,
                0.0
              ],
              [
                41073.36871044995,
                212772.99345293368
              ]
            ]
          ],
          [
            [
              [
                41067.588979616274,
                212773.03122027667
              ],
              [
                41073.6827264344,
                212774.62015468962
              ],
              [
                41073.36871044995,
                212772.99345293368
              ],
              [
                41067.588979616274,
                212773.03122027667
              ]
            ]
          ],
          [
            [
              [
                40974.83050000016,
                212748.8445999995
              ],
              [
                40940.89840000029,
                212745.9342999999
              ],
              [
                40940.89835931846,
                212745.9342965105
              ],
              [
                40426.11692646604,
                212760.9368426547
              ],
              [
                40941.29652826338,
                212766.1708571448
              ],
              [
                40943.49572753906,
                212766.3479003906
              ],
              [
                40961.74011230468,
                212768.4672851563
              ],
              [
                40979.78967285156,
                212771.8690795898
              ],
              [
                40986.236195831334,
                212773.56281570517
              ],
              [
                41067.588979616274,
                212773.03122027667
              ],
              [
                40974.83050000016,
                212748.8445999995
              ]
            ]
          ],
          [
            [
              [
                40608.86702898774,
                212776.0287144073
              ],
              [
                41045.32356099025,
                212790.90779580787
              ],
              [
                40997.55432128906,
                212776.5364990235
              ],
              [
                40986.236195831334,
                212773.56281570517
              ],
              [
                40608.86702898774,
                212776.0287144073
              ]
            ]
          ],
          [
            [
              [
                41078.769234908796,
                212800.96987150857
              ],
              [
                41077.03555784789,
                212791.98887799596
              ],
              [
                41045.32356099025,
                212790.90779580787
              ],
              [
                41078.769234908796,
                212800.96987150857
              ]
            ]
          ],
          [
            [
              [
                41078.769234908796,
                212800.96987150857
              ],
              [
                41078.785940903945,
                212801.05641382802
              ],
              [
                41078.78868949381,
                212800.9757243883
              ],
              [
                41078.769234908796,
                212800.96987150857
              ]
            ]
          ],
          [
            [
              [
                41078.785940903945,
                212801.05641382802
              ],
              [
                41077.95174889102,
                212825.5455116214
              ],
              [
                41080.06256030749,
                212807.669704642
              ],
              [
                41078.785940903945,
                212801.05641382802
              ]
            ]
          ]
        ]
      }
    },
    {
      "type": "Feature",
      "properties": {
        "layer": "YD-U12"
      },
      "geometry": {
        "type": "MultiPolygon",
        "coordinates": [
          [
            [
              [
                41337.16931152344,
                212609.8690795899
              ],
              [
                41333.14031982422,
                212610.7623291016
              ],
              [
                41329.20068359375,
                212611.9885253906
              ],
              [
                41325.37628173828,
                212613.5401000977
              ],
              [
                41321.32171630859,
                212615.5942993164
              ],
              [
                41318.72151371552,
                212617.0512975102
              ],
              [
                41308.85946606289,
                212689.3820656252
              ],
              [
                41344.00620072883,
                212694.174200164
              ],
              [
                41326.14828253078,
                212676.6786362225
              ],
              [
                41354.97544762628,
                212654.7853359235
              ],
              [
                41346.244566953595,
                212609.88956376677
              ],
              [
                41341.23707604514,
                212609.31862855825
              ],
              [
                41337.16931152344,
                212609.8690795899
              ]
            ]
          ],
          [
            [
              [
                41359.27392578125,
                212611.3751220703
              ],
              [
                41356.69610595702,
                212610.344909668
              ],
              [
                41353.60369873047,
                212609.7185058594
              ],
              [
                41349.50512695312,
                212609.2399291993
              ],
              [
                41346.09659436607,
                212609.12866188024
              ],
              [
                41346.244566953595,
                212609.88956376677
              ],
              [
                41359.27392578125,
                212611.3751220703
              ]
            ]
          ],
          [
            [
              [
                0.0,
                0.0
              ],
              [
                40391.28467632061,
                212501.0086423149
              ],
              [
                41341.23707604514,
                212609.31862855825
              ],
              [
                41341.25891113281,
                212609.3156738281
              ],
              [
                41345.38049316406,
                212609.1052856446
              ],
              [
                41346.09659436607,
                212609.12866188024
              ],
              [
                0.0,
                0.0
              ]
            ]
          ]
        ]
      }
    },
    {
      "type": "Feature",
      "properties": {
        "layer": "YD-G1"
      },
      "geometry": {
        "type": "MultiPolygon",
        "coordinates": [
          [
            [
              [
                40391.28467632042,
                212501.0086423145
              ],
              [
                41292.327445623814,
                212604.2626685532
              ],
              [
                41288.43802089721,
                212584.2369560938
              ],
              [
                40391.28467632042,
                212501.0086423145
              ]
            ]
          ],
          [
            [
              [
                41293.142363302,
                212608.45848367977
              ],
              [
                41299.22060617277,
                212605.05258286628
              ],
              [
                41292.327445623814,
                212604.2626685532
              ],
              [
                41293.142363302,
                212608.45848367977
              ]
            ]
          ],
          [
            [
              [
                41316.780812464705,
                212607.06487580398
              ],
              [
                41314.73028732518,
                212596.51332452637
              ],
              [
                41311.9097290039,
                212597.9423217774
              ],
              [
                41299.22060617277,
                212605.05258286628
              ],
              [
                41316.780812464705,
                212607.06487580398
              ]
            ]
          ],
          [
            [
              [
                41317.08312988281,
                212595.3212890625
              ],
              [
                41322.45751953124,
                212593.1409301758
              ],
              [
                41327.9951171875,
                212591.4172973633
              ],
              [
                41333.65747070312,
                212590.162109375
              ],
              [
                41339.40472412109,
                212589.3840942383
              ],
              [
                41342.31902198486,
                212589.23546041016
              ],
              [
                41312.78347716883,
                212586.49546773615
              ],
              [
                41314.73028732518,
                212596.51332452637
              ],
              [
                41317.08312988281,
                212595.3212890625
              ]
            ]
          ],
          [
            [
              [
                0.0,
                0.0
              ],
              [
                41288.43802089721,
                212584.2369560938
              ],
              [
                41312.78347716883,
                212586.49546773615
              ],
              [
                0.0,
                0.0
              ]
            ]
          ],
          [
            [
              [
                41196.39569023671,
                212758.0761580027
              ],
              [
                41294.45838869111,
                212807.9129633963
              ],
              [
                41320.51488735181,
                212701.035665162
              ],
              [
                41326.14828253078,
                212676.6786362225
              ],
              [
                41308.85946606289,
                212689.3820656252
              ],
              [
                41293.142363302,
                212608.45848367977
              ],
              [
                41286.07171630859,
                212612.4204711914
              ],
              [
                41267.42590332031,
                212623.9260864258
              ],
              [
                41249.81512451172,
                212636.9605102539
              ],
              [
                41233.36352539062,
                212651.4304809571
              ],
              [
                41218.18792724609,
                212667.2341308594
              ],
              [
                41204.39672851563,
                212684.2587280274
              ],
              [
                41192.0869140625,
                212702.3839111328
              ],
              [
                41181.34692382812,
                212721.4805297851
              ],
              [
                41156.57620218964,
                212770.22095383573
              ],
              [
                41164.83411647643,
                212775.8242554676
              ],
              [
                41171.13110351562,
                212763.0797119141
              ],
              [
                41174.47412109375,
                212755.3328857422
              ],
              [
                41180.44531249999,
                212763.7720947266
              ],
              [
                41187.49876625638,
                212775.5824240356
              ],
              [
                41196.39569023671,
                212758.0761580027
              ]
            ]
          ],
          [
            [
              [
                41126.67932128906,
                212809.7448730469
              ],
              [
                41129.1220703125,
                212808.8234863282
              ],
              [
                41131.47552490234,
                212807.6934814453
              ],
              [
                41133.72192382812,
                212806.3630981445
              ],
              [
                41135.84387207031,
                212804.8422851563
              ],
              [
                41137.82531738281,
                212803.1428833008
              ],
              [
                41139.6519165039,
                212801.2772827148
              ],
              [
                41141.30932617187,
                212799.2604980469
              ],
              [
                41142.78491210937,
                212797.1068725586
              ],
              [
                41144.06787109374,
                212794.8331298828
              ],
              [
                41156.57620218964,
                212770.22095383573
              ],
              [
                41106.52683673592,
                212736.2606000005
              ],
              [
                41136.29455127942,
                212801.8188425856
              ],
              [
                41120.81948782002,
                212811.012449654
              ],
              [
                41121.60052490234,
                212810.9345092774
              ],
              [
                41124.16607666015,
                212810.4505004883
              ],
              [
                41126.67932128906,
                212809.7448730469
              ]
            ]
          ],
          [
            [
              [
                41164.83411647643,
                212775.8242554676
              ],
              [
                41156.30328369141,
                212793.0899047852
              ],
              [
                41151.99389648437,
                212800.7344970703
              ],
              [
                41153.74212646484,
                212799.9014892578
              ],
              [
                41166.47552490234,
                212792.9487304688
              ],
              [
                41178.80688476562,
                212785.3052978516
              ],
              [
                41164.83411647643,
                212775.8242554676
              ]
            ]
          ],
          [
            [
              [
                41342.31902198486,
                212589.23546041016
              ],
              [
                41362.4384765625,
                212591.101928711
              ],
              [
                41356.75427246093,
                212589.9505004883
              ],
              [
                41350.9937133789,
                212589.2778930664
              ],
              [
                41345.19689941406,
                212589.0886840821
              ],
              [
                41342.31902198486,
                212589.23546041016
              ]
            ]
          ],
          [
            [
              [
                41345.38049316406,
                212609.1052856446
              ],
              [
                41341.25891113281,
                212609.3156738281
              ],
              [
                41339.04117665759,
                212609.61577827693
              ],
              [
                41360.822334164,
                212612.1117665755
              ],
              [
                41359.27392578125,
                212611.3751220703
              ],
              [
                41356.69610595702,
                212610.344909668
              ],
              [
                41353.60369873047,
                212609.7185058594
              ],
              [
                41349.50512695312,
                212609.2399291993
              ],
              [
                41345.38049316406,
                212609.1052856446
              ]
            ]
          ],
          [
            [
              [
                41333.14031982422,
                212610.7623291016
              ],
              [
                41337.16931152344,
                212609.8690795899
              ],
              [
                41339.04117665759,
                212609.61577827693
              ],
              [
                41316.780812464705,
                212607.06487580398
              ],
              [
                41318.72151371552,
                212617.0512975102
              ],
              [
                41321.32171630859,
                212615.5942993164
              ],
              [
                41325.37628173828,
                212613.5401000977
              ],
              [
                41329.20068359375,
                212611.9885253906
              ],
              [
                41333.14031982422,
                212610.7623291016
              ]
            ]
          ]
        ]
      }
    },
    {
      "type": "Feature",
      "properties": {
        "layer": "YD-E1"
      },
      "geometry": {
        "type": "MultiPolygon",
        "coordinates": [
          [
            [
              [
                41099.99217764943,
                212566.87609216472
              ],
              [
                41098.069540420554,
                212556.93231923567
              ],
              [
                40391.2846763204,
                212501.0086423147
              ],
              [
                41099.99217764943,
                212566.87609216472
              ]
            ]
          ],
          [
            [
              [
                41136.34551949913,
                212754.89355647712
              ],
              [
                41136.82739999983,
                212754.7274999991
              ],
              [
                41167.48560000025,
                212702.5536000002
              ],
              [
                41175.71588731478,
                212692.39351555388
              ],
              [
                41152.358828170545,
                212571.74306157106
              ],
              [
                41099.99217764943,
                212566.87609216472
              ],
              [
                41136.34551949913,
                212754.89355647712
              ]
            ]
          ],
          [
            [
              [
                41181.34692382812,
                212721.4805297851
              ],
              [
                41192.0869140625,
                212702.3839111328
              ],
              [
                41204.39672851563,
                212684.2587280274
              ],
              [
                41218.18792724609,
                212667.2341308594
              ],
              [
                41233.36352539062,
                212651.4304809571
              ],
              [
                41249.81512451172,
                212636.9605102539
              ],
              [
                41267.42590332031,
                212623.9260864258
              ],
              [
                41286.07171630859,
                212612.4204711914
              ],
              [
                41311.9097290039,
                212597.9423217774
              ],
              [
                41317.08312988281,
                212595.3212890625
              ],
              [
                41322.45751953124,
                212593.1409301758
              ],
              [
                41327.9951171875,
                212591.4172973633
              ],
              [
                41333.65747070312,
                212590.162109375
              ],
              [
                41339.40472412109,
                212589.3840942383
              ],
              [
                41341.189757578126,
                212589.29305469172
              ],
              [
                41297.17354605569,
                212585.20217714406
              ],
              [
                41234.33449999987,
                212620.0303000007
              ],
              [
                41175.71588731478,
                212692.39351555388
              ],
              [
                41181.34692382812,
                212721.4805297851
              ]
            ]
          ],
          [
            [
              [
                41316.93450000043,
                212574.2498000004
              ],
              [
                41150.29150304154,
                212561.06433212123
              ],
              [
                41152.358828170545,
                212571.74306157106
              ],
              [
                41297.17354605569,
                212585.20217714406
              ],
              [
                41316.93450000043,
                212574.2498000004
              ]
            ]
          ],
          [
            [
              [
                0.0,
                0.0
              ],
              [
                41098.069540420554,
                212556.93231923567
              ],
              [
                41150.29150304154,
                212561.06433212123
              ],
              [
                0.0,
                0.0
              ]
            ]
          ],
          [
            [
              [
                41345.19689941406,
                212589.0886840821
              ],
              [
                41341.189757578126,
                212589.29305469172
              ],
              [
                41362.97976928848,
                212591.3182237507
              ],
              [
                41362.4384765625,
                212591.101928711
              ],
              [
                41356.75427246093,
                212589.9505004883
              ],
              [
                41350.9937133789,
                212589.2778930664
              ],
              [
                41345.19689941406,
                212589.0886840821
              ]
            ]
          ],
          [
            [
              [
                41124.16607666015,
                212810.4505004883
              ],
              [
                41126.67932128906,
                212809.7448730469
              ],
              [
                41129.1220703125,
                212808.8234863282
              ],
              [
                41131.47552490234,
                212807.6934814453
              ],
              [
                41133.72192382812,
                212806.3630981445
              ],
              [
                41135.84387207031,
                212804.8422851563
              ],
              [
                41137.82531738281,
                212803.1428833008
              ],
              [
                41139.6519165039,
                212801.2772827148
              ],
              [
                41141.30932617187,
                212799.2604980469
              ],
              [
                41142.78491210937,
                212797.1068725586
              ],
              [
                41144.06787109374,
                212794.8331298828
              ],
              [
                41136.34551949913,
                212754.89355647712
              ],
              [
                41118.64534249673,
                212760.9930542764
              ],
              [
                40608.86702898761,
                212776.0287144073
              ],
              [
                41118.30500171548,
                212801.2055673734
              ],
              [
                41136.29455127941,
                212801.8188425856
              ],
              [
                41121.60052490234,
                212810.9345092774
              ],
              [
                41124.16607666015,
                212810.4505004883
              ]
            ]
          ]
        ]
      }
    },
    {
      "type": "Feature",
      "properties": {
        "layer": "YD-E1"
      },
      "geometry": {
        "type": "MultiPolygon",
        "coordinates": [
          [
            [
              [
                41076.87152099609,
                212857.2578735352
              ],
              [
                41076.97167968749,
                212854.3170776367
              ],
              [
                41078.76538647511,
                212828.47215755013
              ],
              [
                0.0,
                0.0
              ],
              [
                41076.41328366121,
                212870.69541779748
              ],
              [
                41076.44189453124,
                212869.8560791016
              ],
              [
                41076.87152099609,
                212857.2578735352
              ]
            ]
          ],
          [
            [
              [
                41096.96357199836,
                212566.260600001
              ],
              [
                41078.76538647511,
                212828.47215755013
              ],
              [
                41079.98114098223,
                212834.77096355936
              ],
              [
                41096.96357199836,
                212566.260600001
              ]
            ]
          ],
          [
            [
              [
                41078.15359869802,
                212863.6663580222
              ],
              [
                41084.18660100559,
                212856.55938935725
              ],
              [
                41079.98114098223,
                212834.77096355936
              ],
              [
                41078.15359869802,
                212863.6663580222
              ]
            ]
          ],
          [
            [
              [
                41089.80238866926,
                212849.9439059014
              ],
              [
                41084.18660100559,
                212856.55938935725
              ],
              [
                41087.16351318359,
                212871.9827270508
              ],
              [
                41087.63970947265,
                212861.1876831055
              ],
              [
                41089.80238866926,
                212849.9439059014
              ]
            ]
          ],
          [
            [
              [
                41074.71596409698,
                212920.48735902534
              ],
              [
                41085.57592773437,
                212918.1790771484
              ],
              [
                41076.41328366121,
                212870.69541779748
              ],
              [
                41075.19708251953,
                212906.3743286133
              ],
              [
                41074.71596409698,
                212920.48735902534
              ]
            ]
          ],
          [
            [
              [
                41069.17229898901,
                212921.6656633114
              ],
              [
                41073.83851299553,
                212946.2263320085
              ],
              [
                41074.71596409698,
                212920.48735902534
              ],
              [
                41069.17229898901,
                212921.6656633114
              ]
            ]
          ]
        ]
      }
    },
    {
      "type": "Feature",
      "properties": {
        "layer": "YD-G2"
      },
      "geometry": {
        "type": "Polygon",
        "coordinates": [
          [
            [
              41069.17229898905,
              212921.6656633114
            ],
            [
              41087.75802408735,
              212938.3860347956
            ],
            [
              41085.57592773437,
              212918.1790771484
            ],
            [
              41087.16351318359,
              212871.9827270508
            ],
            [
              41087.516289116444,
              212863.9855381069
            ],
            [
              41096.14314826197,
              212864.2796332345
            ],
            [
              0.0,
              0.0
            ],
            [
              41069.17229898905,
              212921.6656633114
            ]
          ],
          [
            [
              41078.15359869801,
              212863.6663580222
            ],
            [
              41087.63970947265,
              212861.1876831055
            ],
            [
              41087.516289116444,
              212863.9855381069
            ],
            [
              41078.15359869801,
              212863.6663580222
            ]
          ]
        ]
      }
    },
    {
      "type": "Feature",
      "properties": {
        "layer": "YD-E2"
      },
      "geometry": {
        "type": "MultiPolygon",
        "coordinates": [
          [
            [
              [
                41156.30328369141,
                212793.0899047852
              ],
              [
                41151.99389648437,
                212800.7344970703
              ],
              [
                41153.74212646484,
                212799.9014892578
              ],
              [
                41166.47552490234,
                212792.9487304688
              ],
              [
                41178.80688476562,
                212785.3052978516
              ],
              [
                41184.38405848189,
                212781.4076156493
              ],
              [
                41182.81647235179,
                212773.30859484457
              ],
              [
                41169.316344426064,
                212766.752623437
              ],
              [
                41156.30328369141,
                212793.0899047852
              ]
            ]
          ],
          [
            [
              [
                41187.49876625638,
                212775.5824240356
              ],
              [
                41181.222549315986,
                212765.0735029537
              ],
              [
                41182.81647235179,
                212773.30859484457
              ],
              [
                41187.49876625638,
                212775.5824240356
              ]
            ]
          ],
          [
            [
              [
                0.0,
                0.0
              ],
              [
                41106.52683673612,
                212736.2606000004
              ],
              [
                41169.316344426064,
                212766.752623437
              ],
              [
                41171.13110351562,
                212763.0797119141
              ],
              [
                41174.47412109375,
                212755.3328857422
              ],
              [
                41180.44531249999,
                212763.7720947266
              ],
              [
                41181.222549315986,
                212765.0735029537
              ],
              [
                0.0,
                0.0
              ]
            ]
          ]
        ]
      }
    },
    {
      "type": "Feature",
      "properties": {
        "layer": "YD-G2"
      },
      "geometry": {
        "type": "MultiPolygon",
        "coordinates": [
          [
            [
              [
                41296.169521391304,
                212933.8837330193
              ],
              [
                42414.26545867559,
                212933.2111423293
              ],
              [
                42414.26545867549,
                212933.21114232927
              ],
              [
                0.0,
                0.0
              ],
              [
                41294.62757191926,
                212904.7330360032
              ],
              [
                41296.169521391304,
                212933.8837330193
              ]
            ],
            [
              [
                42414.26545867549,
                212933.2111423293
              ],
              [
                42414.26545867391,
                212933.21114232903
              ],
              [
                42414.26545867549,
                212933.21114232927
              ],
              [
                42414.26545867549,
                212933.2111423293
              ]
            ],
            [
              [
                41308.37376321554,
                212756.0006519157
              ],
              [
                41294.45838869343,
                212807.9129633962
              ],
              [
                41314.73861133535,
                212720.2276592143
              ],
              [
                41315.04667002239,
                212745.9588523692
              ],
              [
                41339.73175251034,
                212749.9144436731
              ],
              [
                42414.26545867391,
                212933.21114232903
              ],
              [
                41308.37376321554,
                212756.0006519157
              ]
            ]
          ],
          [
            [
              [
                41288.68663128532,
                212933.88823435237
              ],
              [
                41139.33949228457,
                212917.9541134092
              ],
              [
                41120.15974270029,
                212933.9896117141
              ],
              [
                41288.68663128532,
                212933.88823435237
              ]
            ]
          ],
          [
            [
              [
                41288.68663128532,
                212933.88823435237
              ],
              [
                41296.21223059121,
                212934.6911543836
              ],
              [
                41296.169521391304,
                212933.8837330193
              ],
              [
                41288.68663128532,
                212933.88823435237
              ]
            ]
          ]
        ]
      }
    },
    {
      "type": "Feature",
      "properties": {
        "layer": "YD-G2"
      },
      "geometry": {
        "type": "MultiPolygon",
        "coordinates": [
          [
            [
              [
                40696.42357361455,
                213835.8462833512
              ],
              [
                0.0,
                0.0
              ],
              [
                40692.48324242392,
                213833.1740915012
              ],
              [
                40696.42357361455,
                213835.8462833512
              ]
            ]
          ],
          [
            [
              [
                40692.48324242392,
                213833.1740915012
              ],
              [
                40689.39529394009,
                213831.0799551526
              ],
              [
                40700.62988281249,
                213875.9835205078
              ],
              [
                40692.48324242392,
                213833.1740915012
              ]
            ]
          ],
          [
            [
              [
                40696.42357361455,
                213835.8462833512
              ],
              [
                40710.5956227674,
                213910.31209282676
              ],
              [
                40701.80977857996,
                213839.4990151432
              ],
              [
                40696.42357361455,
                213835.8462833512
              ]
            ]
          ],
          [
            [
              [
                40714.97247314453,
                213933.3098754883
              ],
              [
                40710.5956227674,
                213910.31209282676
              ],
              [
                40717.02069296007,
                213962.0975541858
              ],
              [
                40736.42266284816,
                213957.2433225822
              ],
              [
                40714.97247314453,
                213933.3098754883
              ]
            ]
          ]
        ]
      }
    },
    {
      "type": "Feature",
      "properties": {
        "layer": "YD-S41"
      },
      "geometry": {
        "type": "Polygon",
        "coordinates": [
          [
            [
              0.0,
              0.0
            ],
            [
              40817.79510498047,
              213843.0026855469
            ],
            [
              40775.19909667969,
              213854.9931030274
            ],
            [
              40775.19250488281,
              213854.9948730469
            ],
            [
              40700.62988281249,
              213875.9835205078
            ],
            [
              40701.80977857996,
              213839.4990151432
            ],
            [
              40697.74539141331,
              213825.0601524124
            ],
            [
              40803.92667322622,
              213795.1712444571
            ],
            [
              0.0,
              0.0
            ]
          ]
        ]
      }
    },
    {
      "type": "Feature",
      "properties": {
        "layer": "YD-B1B2"
      },
      "geometry": {
        "type": "Polygon",
        "coordinates": [
          [
            [
              0.0,
              0.0
            ],
            [
              40803.49985585306,
              213952.6260224913
            ],
            [
              40736.42266284816,
              213957.2433225822
            ],
            [
              40725.08209243573,
              213973.7172857581
            ],
            [
              40714.97247314453,
              213933.3098754883
            ],
            [
              40700.62988281249,
              213875.9835205078
            ],
            [
              40775.19250488281,
              213854.9948730469
            ],
            [
              0.0,
              0.0
            ]
          ]
        ]
      }
    },
    {
      "type": "Feature",
      "properties": {
        "layer": "YD-B1B2"
      },
      "geometry": {
        "type": "MultiPolygon",
        "coordinates": [
          [
            [
              [
                40860.23241706479,
                213798.48665278216
              ],
              [
                0.0,
                0.0
              ],
              [
                40852.94930312135,
                213800.36865252428
              ],
              [
                40860.23241706479,
                213798.48665278216
              ]
            ]
          ],
          [
            [
              [
                40860.23241706479,
                213798.48665278216
              ],
              [
                40866.75693683408,
                213832.62577462
              ],
              [
                41832.95950108098,
                213547.1282179864
              ],
              [
                40860.23241706479,
                213798.48665278216
              ]
            ]
          ],
          [
            [
              [
                40817.79510498047,
                213843.0026855469
              ],
              [
                40775.19252780646,
                213854.9949521098
              ],
              [
                40803.49985585306,
                213952.6260224913
              ],
              [
                40879.18420717404,
                213923.2048003546
              ],
              [
                40873.74937159585,
                213909.2240077362
              ],
              [
                40852.94930312135,
                213800.36865252428
              ],
              [
                40840.07317138913,
                213803.6959211607
              ],
              [
                40803.92667322622,
                213795.1712444571
              ],
              [
                40817.79510498047,
                213843.0026855469
              ]
            ]
          ]
        ]
      }
    },
    {
      "type": "Feature",
      "properties": {
        "layer": "YD-E1"
      },
      "geometry": {
        "type": "Polygon",
        "coordinates": [
          [
            [
              0.0,
              0.0
            ],
            [
              40765.01196964734,
              213439.9447445796
            ],
            [
              40597.03076229617,
              213482.5075362925
            ],
            [
              40593.23550251098,
              213467.3381908466
            ],
            [
              40761.36503918118,
              213425.3681949784
            ],
            [
              0.0,
              0.0
            ]
          ]
        ]
      }
    },
    {
      "type": "Feature",
      "properties": {
        "layer": "YD-B41"
      },
      "geometry": {
        "type": "Polygon",
        "coordinates": [
          [
            [
              0.0,
              0.0
            ],
            [
              41230.56188964843,
              213775.7504882813
            ],
            [
              41258.41827392578,
              213887.0906982422
            ],
            [
              41314.12768554687,
              213862.5490722656
            ],
            [
              41277.8569799207,
              213779.3800294066
            ],
            [
              41274.21630859375,
              213764.828491211
            ],
            [
              0.0,
              0.0
            ]
          ]
        ]
      }
    },
    {
      "type": "Feature",
      "properties": {
        "layer": "YD-E1"
      },
      "geometry": {
        "type": "MultiPolygon",
        "coordinates": [
          [
            [
              [
                41379.64819057372,
                213259.16209850818
              ],
              [
                0.0,
                0.0
              ],
              [
                41198.79035148033,
                213316.12821000154
              ],
              [
                41379.64819057372,
                213259.16209850818
              ]
            ]
          ],
          [
            [
              [
                41379.64819057372,
                213259.16209850818
              ],
              [
                41384.28048003823,
                213283.0356260271
              ],
              [
                42477.43391474395,
                212913.3845293832
              ],
              [
                41379.64819057372,
                213259.16209850818
              ]
            ]
          ],
          [
            [
              [
                41198.79035148033,
                213316.12821000154
              ],
              [
                41198.08916504228,
                213316.3490678035
              ],
              [
                41201.35089620055,
                213329.3860139605
              ],
              [
                41198.79035148033,
                213316.12821000154
              ]
            ]
          ]
        ]
      }
    },
    {
      "type": "Feature",
      "properties": {
        "layer": "YD-R2"
      },
      "geometry": {
        "type": "MultiPolygon",
        "coordinates": [
          [
            [
              [
                40495.8013305664,
                214088.3331298828
              ],
              [
                40502.32316983657,
                214105.1100189144
              ],
              [
                40545.09167480468,
                214201.8900756836
              ],
              [
                0.0,
                0.0
              ],
              [
                40371.86839977054,
                214152.35122249307
              ],
              [
                40375.48644947136,
                214154.4161866123
              ],
              [
                40495.8013305664,
                214088.3331298828
              ]
            ]
          ],
          [
            [
              [
                40371.86839977054,
                214152.35122249307
              ],
              [
                40359.85327148437,
                214145.4937133789
              ],
              [
                40377.21466920097,
                214180.71047893024
              ],
              [
                40371.86839977054,
                214152.35122249307
              ]
            ]
          ],
          [
            [
              [
                40377.21466920097,
                214180.71047893024
              ],
              [
                40393.77508544921,
                214268.5551147461
              ],
              [
                40412.17982349673,
                214251.635623403
              ],
              [
                40377.21466920097,
                214180.71047893024
              ]
            ]
          ]
        ]
      }
    },
    {
      "type": "Feature",
      "properties": {
        "layer": "YD-G2"
      },
      "geometry": {
        "type": "MultiPolygon",
        "coordinates": [
          [
            [
              [
                40412.17976641585,
                214251.63563768452
              ],
              [
                40412.17982349645,
                214251.6356234032
              ],
              [
                40500.61681088584,
                214218.53589352168
              ],
              [
                0.0,
                0.0
              ],
              [
                40305.26616626064,
                213793.9577659561
              ],
              [
                40412.17976641585,
                214251.63563768452
              ]
            ]
          ],
          [
            [
              [
                40380.694036595414,
                214197.65254890695
              ],
              [
                40375.4861121691,
                214154.41612248
              ],
              [
                40358.02447509765,
                214158.7849121094
              ],
              [
                40380.694036595414,
                214197.65254890695
              ]
            ]
          ],
          [
            [
              [
                40548.38647460937,
                214215.0596923828
              ],
              [
                40545.09167480468,
                214201.8900756836
              ],
              [
                40500.61681088584,
                214218.53589352168
              ],
              [
                40506.85272216797,
                214251.5192871094
              ],
              [
                40528.98463122687,
                214219.9139596258
              ],
              [
                40548.38647460937,
                214215.0596923828
              ]
            ]
          ],
          [
            [
              [
                40387.92730712891,
                214257.7034912109
              ],
              [
                40412.17969995603,
                214251.63565431247
              ],
              [
                40380.694036595414,
                214197.65254890695
              ],
              [
                40387.92730712891,
                214257.7034912109
              ]
            ]
          ],
          [
            [
              [
                40412.17969995603,
                214251.63565431247
              ],
              [
                40412.1798172968,
                214251.6358554967
              ],
              [
                40412.17976641585,
                214251.63563768452
              ],
              [
                40412.17969995603,
                214251.63565431247
              ]
            ]
          ]
        ]
      }
    },
    {
      "type": "Feature",
      "properties": {
        "layer": "YD-A"
      },
      "geometry": {
        "type": "MultiPolygon",
        "coordinates": [
          [
            [
              [
                0.0,
                0.0
              ],
              [
                40975.25592041015,
                212822.3218994141
              ],
              [
                40955.10402145869,
                212902.93281200514
              ],
              [
                40991.05010986328,
                212902.3618774414
              ],
              [
                0.0,
                0.0
              ]
            ]
          ],
          [
            [
              [
                40949.27337708315,
                212903.02542059068
              ],
              [
                40962.63763125866,
                212839.9318061116
              ],
              [
                40943.78009033203,
                212903.1126708984
              ],
              [
                40949.27337708315,
                212903.02542059068
              ]
            ]
          ],
          [
            [
              [
                40955.10402145869,
                212902.93281200514
              ],
              [
                40949.27337708315,
                212903.02542059068
              ],
              [
                40917.0488386188,
                213055.1598068374
              ],
              [
                40955.10402145869,
                212902.93281200514
              ]
            ]
          ]
        ]
      }
    },
    {
      "type": "Feature",
      "properties": {
        "layer": "YD-E1"
      },
      "geometry": {
        "type": "MultiPolygon",
        "coordinates": [
          [
            [
              [
                42107.99259851977,
                213124.8826578123
              ],
              [
                0.0,
                0.0
              ],
              [
                40941.89143252293,
                213384.4959707968
              ],
              [
                42107.99259851977,
                213124.8826578123
              ]
            ]
          ],
          [
            [
              [
                40790.21562640799,
                213433.5586850315
              ],
              [
                40943.83669180008,
                213394.6344415871
              ],
              [
                40941.89143252293,
                213384.4959707968
              ],
              [
                40786.59094868952,
                213419.0710782504
              ],
              [
                40790.21562640799,
                213433.5586850315
              ]
            ]
          ]
        ]
      }
    },
    {
      "type": "Feature",
      "properties": {
        "layer": "YD-G1"
      },
      "geometry": {
        "type": "MultiPolygon",
        "coordinates": [
          [
            [
              [
                41055.157440571944,
                212907.19589691563
              ],
              [
                0.0,
                0.0
              ],
              [
                41053.78296166154,
                212947.5146447801
              ],
              [
                41055.157440571944,
                212907.19589691563
              ]
            ]
          ],
          [
            [
              [
                41070.49284788237,
                212946.6307619617
              ],
              [
                41073.83851299553,
                212946.2263320085
              ],
              [
                41075.19708251953,
                212906.3743286133
              ],
              [
                41076.44189453124,
                212869.8560791016
              ],
              [
                41076.87152099609,
                212857.2578735352
              ],
              [
                41076.97167968749,
                212854.3170776367
              ],
              [
                41077.26973533449,
                212845.567157026
              ],
              [
                41057.38337006335,
                212843.4489973313
              ],
              [
                41057.04571533203,
                212853.7330932617
              ],
              [
                41056.89873324338,
                212856.3034039155
              ],
              [
                41056.45349121093,
                212869.1746826172
              ],
              [
                41055.20867919921,
                212905.6928710938
              ],
              [
                41055.157440571944,
                212907.19589691563
              ],
              [
                41061.44071128319,
                212939.7801964675
              ],
              [
                41070.49284788237,
                212946.6307619617
              ]
            ]
          ]
        ]
      }
    },
    {
      "type": "Feature",
      "properties": {
        "layer": "YD-G1"
      },
      "geometry": {
        "type": "MultiPolygon",
        "coordinates": [
          [
            [
              [
                40552.44869621303,
                213885.205684866
              ],
              [
                0.0,
                0.0
              ],
              [
                40545.859088164834,
                213886.8543536317
              ],
              [
                40552.44869621303,
                213885.205684866
              ]
            ]
          ],
          [
            [
              [
                40422.25337467712,
                213902.6083352769
              ],
              [
                40427.1306248216,
                213919.9349192002
              ],
              [
                40446.90607006293,
                214073.1373803443
              ],
              [
                40461.4575216584,
                214069.4967138943
              ],
              [
                40577.69845707031,
                214040.4031424614
              ],
              [
                40572.3129291422,
                214026.4032239594
              ],
              [
                40545.859088164834,
                213886.8543536317
              ],
              [
                40534.98697767079,
                213889.5744712559
              ],
              [
                40422.25337467712,
                213902.6083352769
              ]
            ]
          ]
        ]
      }
    },
    {
      "type": "Feature",
      "properties": {
        "layer": "YD-R2"
      },
      "geometry": {
        "type": "MultiPolygon",
        "coordinates": [
          [
            [
              [
                41294.45838869109,
                212807.9129633963
              ],
              [
                41314.12836412323,
                212720.0887522327
              ],
              [
                42414.26545867563,
                212933.2111423293
              ],
              [
                0.0,
                0.0
              ],
              [
                41270.504796574045,
                212802.09825721243
              ],
              [
                41294.45838869109,
                212807.9129633963
              ]
            ]
          ],
          [
            [
              [
                41106.52683673589,
                212736.2606000005
              ],
              [
                41134.2695978585,
                212861.2179495454
              ],
              [
                41114.35400677908,
                212917.1023422811
              ],
              [
                41139.33949228457,
                212917.9541134092
              ],
              [
                41294.29720463575,
                212924.7784711589
              ],
              [
                41270.504796574045,
                212802.09825721243
              ],
              [
                41204.58953519026,
                212786.0974053942
              ],
              [
                41106.52683673589,
                212736.2606000005
              ]
            ]
          ]
        ]
      }
    },
    {
      "type": "Feature",
      "properties": {
        "layer": "YD-B1B2"
      },
      "geometry": {
        "type": "MultiPolygon",
        "coordinates": [
          [
            [
              [
                42477.43391474412,
                212913.384529383
              ],
              [
                0.0,
                0.0
              ],
              [
                41330.39667405357,
                213177.71463780056
              ],
              [
                42477.43391474412,
                212913.384529383
              ]
            ]
          ],
          [
            [
              [
                41194.4193634433,
                213227.5186082987
              ],
              [
                41195.66205780182,
                213306.6480639881
              ],
              [
                41348.02026772175,
                213268.6152272993
              ],
              [
                41330.39667405357,
                213177.71463780056
              ],
              [
                41190.05056498963,
                213210.0568329001
              ],
              [
                41194.4193634433,
                213227.5186082987
              ]
            ]
          ]
        ]
      }
    },
    {
      "type": "Feature",
      "properties": {
        "layer": "YD-G2"
      },
      "geometry": {
        "type": "Polygon",
        "coordinates": [
          [
            [
              0.0,
              0.0
            ],
            [
              41177.49941654066,
              213316.4558186739
            ],
            [
              41164.94787597656,
              213293.2416992188
            ],
            [
              41140.09383998094,
              213241.1104257101
            ],
            [
              41157.5556185097,
              213236.7416397674
            ],
            [
              0.0,
              0.0
            ]
          ]
        ]
      }
    },
    {
      "type": "Feature",
      "properties": {
        "layer": "YD-G2"
      },
      "geometry": {
        "type": "MultiPolygon",
        "coordinates": [
          [
            [
              [
                41294.32827137653,
                213004.88855300957
              ],
              [
                41297.0029296875,
                213004.7470703125
              ],
              [
                42477.40013294538,
                212913.3867496063
              ],
              [
                42477.43319000063,
                212913.3836281793
              ],
              [
                0.0,
                0.0
              ],
              [
                41294.32827137653,
                213004.88855300957
              ]
            ]
          ],
          [
            [
              [
                41224.10687255859,
                213008.6030883789
              ],
              [
                41212.067898435234,
                213011.7333572003
              ],
              [
                41298.14963804058,
                213024.59997136824
              ],
              [
                41294.32827137653,
                213004.88855300957
              ],
              [
                41224.10687255859,
                213008.6030883789
              ]
            ]
          ],
          [
            [
              [
                41317.7190628495,
                213125.5432080054
              ],
              [
                41323.7868384796,
                213149.7956738368
              ],
              [
                42477.43368973687,
                212913.3841523795
              ],
              [
                42477.40013294538,
                212913.3867496063
              ],
              [
                41298.71555857071,
                213024.6845593557
              ],
              [
                41298.14963804058,
                213024.59997136824
              ],
              [
                41317.7190628495,
                213125.5432080054
              ]
            ]
          ],
          [
            [
              [
                41151.58226572862,
                213027.4603027245
              ],
              [
                41212.067898435234,
                213011.7333572003
              ],
              [
                41150.26171683532,
                213002.4952040742
              ],
              [
                41151.58226572862,
                213027.4603027245
              ]
            ]
          ]
        ]
      }
    },
    {
      "type": "Feature",
      "properties": {
        "layer": "YD-R2"
      },
      "geometry": {
        "type": "MultiPolygon",
        "coordinates": [
          [
            [
              [
                42477.43368973687,
                212913.3841523795
              ],
              [
                0.0,
                0.0
              ],
              [
                41289.007368229635,
                213003.67240624642
              ],
              [
                42477.43368973687,
                212913.3841523795
              ]
            ]
          ],
          [
            [
              [
                41130.81783792973,
                213013.5377117952
              ],
              [
                41151.58226572861,
                213027.4603027245
              ],
              [
                41161.90954444532,
                213171.7412681979
              ],
              [
                41179.37132297408,
                213167.3724822552
              ],
              [
                41317.63071760317,
                213151.3358867161
              ],
              [
                41289.007368229635,
                213003.67240624642
              ],
              [
                41224.10687255859,
                213008.6030883789
              ],
              [
                41130.81783792973,
                213013.5377117952
              ]
            ]
          ]
        ]
      }
    },
    {
      "type": "Feature",
      "properties": {
        "layer": "YD-G2"
      },
      "geometry": {
        "type": "MultiPolygon",
        "coordinates": [
          [
            [
              [
                41104.61960382414,
                213025.1595259347
              ],
              [
                0.0,
                0.0
              ],
              [
                41095.432681692015,
                213027.45801438484
              ],
              [
                41104.61960382414,
                213025.1595259347
              ]
            ]
          ],
          [
            [
              [
                41096.2962328618,
                213031.9344269339
              ],
              [
                41095.432681692015,
                213027.45801438484
              ],
              [
                41080.36713364534,
                213031.2272841884
              ],
              [
                41096.2962328618,
                213031.9344269339
              ]
            ]
          ],
          [
            [
              [
                41124.69470214843,
                213143.3399047852
              ],
              [
                41115.78051757812,
                213098.1489257813
              ],
              [
                41096.64868164062,
                213031.9500732422
              ],
              [
                41096.2962328618,
                213031.9344269339
              ],
              [
                41125.04579951174,
                213180.9642996667
              ],
              [
                41139.0820316026,
                213192.233025801
              ],
              [
                41124.69470214843,
                213143.3399047852
              ]
            ]
          ]
        ]
      }
    },
    {
      "type": "Feature",
      "properties": {
        "layer": "YD-E1"
      },
      "geometry": {
        "type": "MultiPolygon",
        "coordinates": [
          [
            [
              [
                41094.94142540482,
                213010.9149721657
              ],
              [
                41096.64868164062,
                213031.9500732422
              ],
              [
                41115.78051757812,
                213098.1489257813
              ],
              [
                41124.69470214843,
                213143.3399047852
              ],
              [
                0.0,
                0.0
              ],
              [
                41092.81346732727,
                213013.88072509252
              ],
              [
                41094.94142540482,
                213010.9149721657
              ]
            ]
          ],
          [
            [
              [
                41084.57088287429,
                213025.36848381488
              ],
              [
                41082.24389648437,
                213016.0676879883
              ],
              [
                41080.3671336453,
                213031.2272841884
              ],
              [
                41084.57088287429,
                213025.36848381488
              ]
            ]
          ],
          [
            [
              [
                41127.95959128433,
                213198.7901062587
              ],
              [
                41129.41459796539,
                213198.4260750652
              ],
              [
                41125.04579951171,
                213180.9642996666
              ],
              [
                41092.81346732727,
                213013.88072509252
              ],
              [
                41084.57088287429,
                213025.36848381488
              ],
              [
                41094.9375,
                213066.803100586
              ],
              [
                41114.0947265625,
                213143.3732910156
              ],
              [
                41127.95959128433,
                213198.7901062587
              ]
            ]
          ]
        ]
      }
    },
    {
      "type": "Feature",
      "properties": {
        "layer": "YD-B1B2"
      },
      "geometry": {
        "type": "MultiPolygon",
        "coordinates": [
          [
            [
              [
                40698.35126626199,
                213053.3871987594
              ],
              [
                40708.68074484784,
                213107.6689384848
              ],
              [
                40750.46582356482,
                213274.6812460021
              ],
              [
                40772.29639946307,
                213287.7742311246
              ],
              [
                40902.91048790541,
                213255.0956165745
              ],
              [
                40917.97291482716,
                213233.8695947555
              ],
              [
                40913.18906039629,
                213146.5507285098
              ],
              [
                40896.53362525852,
                213059.78045633042
              ],
              [
                40867.62818487286,
                213086.2084271565
              ],
              [
                40856.473898849,
                213028.04932612463
              ],
              [
                40702.37287412636,
                213036.2006232817
              ],
              [
                40698.35126626199,
                213053.3871987594
              ]
            ]
          ],
          [
            [
              [
                40911.36946755846,
                213046.2161859975
              ],
              [
                40902.64742359999,
                213025.6069405421
              ],
              [
                40890.101448373265,
                213026.2705699526
              ],
              [
                40896.53362525852,
                213059.78045633042
              ],
              [
                40911.36946755846,
                213046.2161859975
              ]
            ]
          ],
          [
            [
              [
                0.0,
                0.0
              ],
              [
                40856.473898849,
                213028.04932612463
              ],
              [
                40890.101448373265,
                213026.2705699526
              ],
              [
                0.0,
                0.0
              ]
            ]
          ]
        ]
      }
    },
    {
      "type": "Feature",
      "properties": {
        "layer": "YD-G2"
      },
      "geometry": {
        "type": "Polygon",
        "coordinates": [
          [
            [
              40721.81673348932,
              213025.1581447069
            ],
            [
              40702.37287412636,
              213036.2006232817
            ],
            [
              40902.64742359999,
              213025.6069405421
            ],
            [
              0.0,
              0.0
            ],
            [
              40876.98399372637,
              213016.95044816803
            ],
            [
              40721.81673348932,
              213025.1581447069
            ]
          ],
          [
            [
              40879.7897409838,
              213016.8020359191
            ],
            [
              40877.44220302763,
              213019.3382551559
            ],
            [
              40876.98399372637,
              213016.95044816803
            ],
            [
              40879.7897409838,
              213016.8020359191
            ]
          ]
        ]
      }
    },
    {
      "type": "Feature",
      "properties": {
        "layer": "YD-A4"
      },
      "geometry": {
        "type": "MultiPolygon",
        "coordinates": [
          [
            [
              [
                40797.74708412377,
                213463.661443497
              ],
              [
                40817.1490590622,
                213458.8072320792
              ],
              [
                40931.92103913654,
                213450.7086703448
              ],
              [
                40927.20422708492,
                213426.1115625247
              ],
              [
                40925.85326806102,
                213426.4562033739
              ],
              [
                40921.32612644569,
                213402.84736654983
              ],
              [
                40790.215626408,
                213433.5586850315
              ],
              [
                40797.74708412377,
                213463.661443497
              ]
            ]
          ],
          [
            [
              [
                42107.99259851911,
                213124.8826578127
              ],
              [
                40922.68210928462,
                213402.52974118185
              ],
              [
                40927.20422708492,
                213426.1115625247
              ],
              [
                42107.99259851911,
                213124.8826578127
              ]
            ]
          ],
          [
            [
              [
                0.0,
                0.0
              ],
              [
                40921.32612644569,
                213402.84736654983
              ],
              [
                40922.68210928462,
                213402.52974118185
              ],
              [
                0.0,
                0.0
              ]
            ]
          ]
        ]
      }
    },
    {
      "type": "Feature",
      "properties": {
        "layer": "YD-A4"
      },
      "geometry": {
        "type": "MultiPolygon",
        "coordinates": [
          [
            [
              [
                40603.20284084726,
                213507.1768323206
              ],
              [
                40627.45622539884,
                213501.1127299309
              ],
              [
                40757.97676311942,
                213494.2281212953
              ],
              [
                40753.85981341064,
                213472.66314015316
              ],
              [
                40753.12254625901,
                213474.8261477186
              ],
              [
                40747.31936536832,
                213444.4276664651
              ],
              [
                40597.03076273448,
                213482.5075361815
              ],
              [
                40603.20284084726,
                213507.1768323206
              ]
            ]
          ],
          [
            [
              [
                40765.01196964733,
                213439.9447445796
              ],
              [
                40748.41634318067,
                213444.14971609865
              ],
              [
                40753.85981341064,
                213472.66314015316
              ],
              [
                40765.01196964733,
                213439.9447445796
              ]
            ]
          ],
          [
            [
              [
                0.0,
                0.0
              ],
              [
                40747.31936536832,
                213444.4276664651
              ],
              [
                40748.41634318067,
                213444.14971609865
              ],
              [
                0.0,
                0.0
              ]
            ]
          ]
        ]
      }
    },
    {
      "type": "Feature",
      "properties": {
        "layer": "YD-A4"
      },
      "geometry": {
        "type": "MultiPolygon",
        "coordinates": [
          [
            [
              [
                41205.56983116238,
                213346.2488469986
              ],
              [
                41227.21228027343,
                213352.4086914063
              ],
              [
                41232.96063624878,
                213375.3845605246
              ],
              [
                41228.59275346032,
                213355.8673476098
              ],
              [
                41369.88548337401,
                213341.1335087731
              ],
              [
                41364.135799517026,
                213311.48285692735
              ],
              [
                41362.60415808339,
                213312.030548408
              ],
              [
                41356.182104954365,
                213278.91123154858
              ],
              [
                41201.35089620055,
                213329.3860139605
              ],
              [
                41205.56983116238,
                213346.2488469986
              ]
            ]
          ],
          [
            [
              [
                42477.43391474416,
                212913.3845293829
              ],
              [
                41357.7223306658,
                213278.40911987305
              ],
              [
                41364.135799517026,
                213311.48285692735
              ],
              [
                42477.43391474416,
                212913.3845293829
              ]
            ]
          ],
          [
            [
              [
                0.0,
                0.0
              ],
              [
                41356.182104954365,
                213278.91123154858
              ],
              [
                41357.7223306658,
                213278.40911987305
              ],
              [
                0.0,
                0.0
              ]
            ]
          ]
        ]
      }
    },
    {
      "type": "Feature",
      "properties": {
        "layer": "YD-A4"
      },
      "geometry": {
        "type": "MultiPolygon",
        "coordinates": [
          [
            [
              [
                41169.63233097323,
                213337.4227277808
              ],
              [
                41165.338219872174,
                213338.51076232508
              ],
              [
                41166.09463129351,
                213342.43084881362
              ],
              [
                41171.56498824274,
                213341.16737198297
              ],
              [
                41169.63233097323,
                213337.4227277808
              ]
            ]
          ],
          [
            [
              [
                0.0,
                0.0
              ],
              [
                41164.27968387809,
                213338.7789723692
              ],
              [
                41165.338219872174,
                213338.51076232508
              ],
              [
                0.0,
                0.0
              ]
            ]
          ],
          [
            [
              [
                40982.61977229343,
                213384.8076508225
              ],
              [
                41165.031693791316,
                213342.67635325124
              ],
              [
                41164.27968387809,
                213338.7789723692
              ],
              [
                40982.61977229343,
                213384.8076508225
              ]
            ]
          ],
          [
            [
              [
                41169.28558277056,
                213364.7226391983
              ],
              [
                41170.343834367326,
                213364.4522555333
              ],
              [
                41166.09463129351,
                213342.43084881362
              ],
              [
                41165.031693791316,
                213342.67635325124
              ],
              [
                41169.28558277056,
                213364.7226391983
              ]
            ]
          ],
          [
            [
              [
                41013.16315575829,
                213404.6119756583
              ],
              [
                41175.24104959111,
                213389.831971768
              ],
              [
                41171.3292115262,
                213369.5589522035
              ],
              [
                41170.3868327307,
                213370.4299981912
              ],
              [
                41169.28558277056,
                213364.7226391983
              ],
              [
                41013.16315575829,
                213404.6119756583
              ]
            ]
          ],
          [
            [
              [
                41179.34120166189,
                213362.1534249416
              ],
              [
                41170.343834367326,
                213364.4522555333
              ],
              [
                41171.3292115262,
                213369.5589522035
              ],
              [
                41179.34120166189,
                213362.1534249416
              ]
            ]
          ],
          [
            [
              [
                42107.99259852078,
                213124.8826578119
              ],
              [
                41171.56498824274,
                213341.16737198297
              ],
              [
                41181.40948486328,
                213360.2416992188
              ],
              [
                41179.34120166189,
                213362.1534249416
              ],
              [
                42107.99259852078,
                213124.8826578119
              ]
            ]
          ]
        ]
      }
    },
    {
      "type": "Feature",
      "properties": {
        "layer": "YD-E1"
      },
      "geometry": {
        "type": "Polygon",
        "coordinates": [
          [
            [
              0.0,
              0.0
            ],
            [
              41228.59275346089,
              213355.86734761
            ],
            [
              41209.19077731781,
              213360.721554213
            ],
            [
              41205.56983116238,
              213346.2488469986
            ],
            [
              41227.21228027343,
              213352.4086914063
            ],
            [
              0.0,
              0.0
            ]
          ]
        ]
      }
    },
    {
      "type": "Feature",
      "properties": {
        "layer": "YD-E1"
      },
      "geometry": {
        "type": "MultiPolygon",
        "coordinates": [
          [
            [
              [
                41164.94787597656,
                213293.2416992188
              ],
              [
                41177.49941654066,
                213316.4558186739
              ],
              [
                0.0,
                0.0
              ],
              [
                41142.95893083147,
                213228.2816320376
              ],
              [
                41144.01717827231,
                213223.5432000711
              ],
              [
                41164.94787597656,
                213293.2416992188
              ]
            ]
          ],
          [
            [
              [
                41181.40948486328,
                213360.2416992188
              ],
              [
                41169.63233097323,
                213337.4227277808
              ],
              [
                42107.99259851965,
                213124.8826578118
              ],
              [
                41162.77077494487,
                213330.95887222743
              ],
              [
                41170.38683273071,
                213370.4299981913
              ],
              [
                41190.38420333653,
                213370.7542956661
              ],
              [
                41181.40948486328,
                213360.2416992188
              ]
            ]
          ],
          [
            [
              [
                41134.27008506358,
                213224.0126689409
              ],
              [
                41156.06970214844,
                213311.1442871094
              ],
              [
                41160.66577682718,
                213320.0494689386
              ],
              [
                41142.95893083147,
                213228.2816320376
              ],
              [
                41140.09383998095,
                213241.1104257101
              ],
              [
                41134.27008506358,
                213224.0126689409
              ]
            ]
          ],
          [
            [
              [
                41161.70433606194,
                213325.43192578555
              ],
              [
                41163.24520872749,
                213325.0472793951
              ],
              [
                41160.66577682718,
                213320.0494689386
              ],
              [
                41161.70433606194,
                213325.43192578555
              ]
            ]
          ],
          [
            [
              [
                41161.70433606194,
                213325.43192578555
              ],
              [
                40979.50111542804,
                213370.9151202832
              ],
              [
                41162.77077494487,
                213330.95887222743
              ],
              [
                41161.70433606194,
                213325.43192578555
              ]
            ]
          ]
        ]
      }
    },
    {
      "type": "Feature",
      "properties": {
        "layer": "YD-B1B2"
      },
      "geometry": {
        "type": "MultiPolygon",
        "coordinates": [
          [
            [
              [
                41097.87947853296,
                213712.4266383365
              ],
              [
                41103.29866142183,
                213731.6784553109
              ],
              [
                41105.98188416594,
                213811.7607715062
              ],
              [
                41125.1708183919,
                213806.1229702262
              ],
              [
                41143.24117575913,
                213820.5563850102
              ],
              [
                41109.72635636025,
                213734.3414971969
              ],
              [
                41194.09841231566,
                213779.2074936431
              ],
              [
                41236.4648761795,
                213818.0833568448
              ],
              [
                41270.5756629555,
                213750.2768768734
              ],
              [
                41267.09325370955,
                213732.24063849862
              ],
              [
                41266.93502415077,
                213735.7253907261
              ],
              [
                41257.4103838041,
                213686.39398502826
              ],
              [
                41251.84838798872,
                213687.7855522421
              ],
              [
                41097.87947853296,
                213712.4266383365
              ]
            ]
          ],
          [
            [
              [
                41269.31016358111,
                213683.4167545629
              ],
              [
                41258.202965175,
                213686.19568745905
              ],
              [
                41267.09325370955,
                213732.24063849862
              ],
              [
                41269.31016358111,
                213683.4167545629
              ]
            ]
          ],
          [
            [
              [
                0.0,
                0.0
              ],
              [
                41257.4103838041,
                213686.39398502826
              ],
              [
                41258.202965175,
                213686.19568745905
              ],
              [
                0.0,
                0.0
              ]
            ]
          ]
        ]
      }
    },
    {
      "type": "Feature",
      "properties": {
        "layer": "YD-G2"
      },
      "geometry": {
        "type": "MultiPolygon",
        "coordinates": [
          [
            [
              [
                41143.27740795996,
                213937.8136994942
              ],
              [
                41296.39165091879,
                213870.3623228711
              ],
              [
                0.0,
                0.0
              ],
              [
                41170.7314698626,
                213925.7193005821
              ],
              [
                41143.27740795996,
                213937.8136994942
              ]
            ]
          ],
          [
            [
              [
                41297.142928345136,
                213874.25312225948
              ],
              [
                41314.12765163942,
                213862.5490872029
              ],
              [
                41296.39165091879,
                213870.3623228711
              ],
              [
                41297.142928345136,
                213874.25312225948
              ]
            ]
          ],
          [
            [
              [
                41297.142928345136,
                213874.25312225948
              ],
              [
                41292.1467081413,
                213877.6959770769
              ],
              [
                41302.22532112378,
                213900.5743852459
              ],
              [
                41297.142928345136,
                213874.25312225948
              ]
            ]
          ]
        ]
      }
    },
    {
      "type": "Feature",
      "properties": {
        "layer": "YD-B1B2"
      },
      "geometry": {
        "type": "Polygon",
        "coordinates": [
          [
            [
              0.0,
              0.0
            ],
            [
              41258.41827984586,
              213887.0907219043
            ],
            [
              41170.73146986261,
              213925.7193005821
            ],
            [
              41141.94806852369,
              213934.1760025021
            ],
            [
              41140.73094224945,
              213859.0837218423
            ],
            [
              41133.48449481185,
              213840.4426650178
            ],
            [
              41109.72635636019,
              213734.3414971969
            ],
            [
              41188.93322358387,
              213807.0224588348
            ],
            [
              41236.46487617946,
              213818.0833568447
            ],
            [
              41226.1497328994,
              213776.8541460942
            ],
            [
              41230.56183774565,
              213775.7502808291
            ],
            [
              0.0,
              0.0
            ]
          ]
        ]
      }
    },
    {
      "type": "Feature",
      "properties": {
        "layer": "YD-G1"
      },
      "geometry": {
        "type": "MultiPolygon",
        "coordinates": [
          [
            [
              [
                41238.25068304027,
                213633.43655409783
              ],
              [
                41238.25069637763,
                213633.43655076096
              ],
              [
                41237.978250144195,
                213624.3957135759
              ],
              [
                41231.45152179192,
                213590.58541395882
              ],
              [
                41228.23381163924,
                213581.5444727055
              ],
              [
                41238.25068304027,
                213633.43655409783
              ]
            ]
          ],
          [
            [
              [
                41238.25059405537,
                213633.4365763609
              ],
              [
                41139.409556548875,
                213666.21305047025
              ],
              [
                41243.0712962386,
                213650.7791334337
              ],
              [
                41239.65563657817,
                213633.08504992418
              ],
              [
                41238.25069637763,
                213633.43655076096
              ],
              [
                41238.25069896412,
                213633.4366365908
              ],
              [
                41238.25068304027,
                213633.43655409783
              ],
              [
                41238.25059405537,
                213633.4365763609
              ]
            ]
          ],
          [
            [
              [
                41246.01138847766,
                213631.4949095679
              ],
              [
                41237.46887471699,
                213607.49263422258
              ],
              [
                41237.978250144195,
                213624.3957135759
              ],
              [
                41239.65563657817,
                213633.08504992418
              ],
              [
                41246.01138847766,
                213631.4949095679
              ]
            ]
          ],
          [
            [
              [
                41235.70974794332,
                213549.1178916251
              ],
              [
                41224.01162352148,
                213552.04463578213
              ],
              [
                41231.45152179192,
                213590.58541395882
              ],
              [
                41237.46887471699,
                213607.49263422258
              ],
              [
                41235.70974794332,
                213549.1178916251
              ]
            ]
          ],
          [
            [
              [
                0.0,
                0.0
              ],
              [
                41222.60720294417,
                213552.3960066148
              ],
              [
                41224.01162352148,
                213552.04463578213
              ],
              [
                0.0,
                0.0
              ]
            ]
          ],
          [
            [
              [
                41218.24791240865,
                213553.4866539394
              ],
              [
                41228.23381163924,
                213581.5444727055
              ],
              [
                41222.60720294417,
                213552.3960066148
              ],
              [
                41218.24791240865,
                213553.4866539394
              ]
            ]
          ],
          [
            [
              [
                41072.42124619407,
                213688.4269069348
              ],
              [
                41139.409556548875,
                213666.21305047025
              ],
              [
                41086.38422343951,
                213674.1078494047
              ],
              [
                41072.42124619407,
                213688.4269069348
              ]
            ]
          ]
        ]
      }
    },
    {
      "type": "Feature",
      "properties": {
        "layer": "YD-R2"
      },
      "geometry": {
        "type": "MultiPolygon",
        "coordinates": [
          [
            [
              [
                41222.09521938471,
                213535.9025698452
              ],
              [
                0.0,
                0.0
              ],
              [
                41220.67570724986,
                213542.39043808845
              ],
              [
                41222.09521938471,
                213535.9025698452
              ]
            ]
          ],
          [
            [
              [
                41058.64910397528,
                213578.3002989176
              ],
              [
                41063.9049586922,
                213597.597276482
              ],
              [
                41067.19528218699,
                213679.7456393721
              ],
              [
                41086.3842234395,
                213674.1078494047
              ],
              [
                41240.41827651036,
                213641.1373005329
              ],
              [
                41238.25059405537,
                213633.4365763609
              ],
              [
                41220.67570724986,
                213542.39043808845
              ],
              [
                41218.24791240865,
                213553.4866539394
              ],
              [
                41058.64910397528,
                213578.3002989176
              ]
            ]
          ]
        ]
      }
    },
    {
      "type": "Feature",
      "properties": {
        "layer": "YD-G2"
      },
      "geometry": {
        "type": "MultiPolygon",
        "coordinates": [
          [
            [
              [
                41189.80371008943,
                213448.0378831772
              ],
              [
                41195.30073394649,
                213428.8081396659
              ],
              [
                41195.86395612547,
                213431.0592936111
              ],
              [
                0.0,
                0.0
              ],
              [
                41033.163378015,
                213466.78248790046
              ],
              [
                41189.80371008943,
                213448.0378831772
              ]
            ]
          ],
          [
            [
              [
                41037.85843268524,
                213491.2075658509
              ],
              [
                41033.163378015,
                213466.78248790046
              ],
              [
                41031.85536272093,
                213466.9390135496
              ],
              [
                41037.85843268524,
                213491.2075658509
              ]
            ]
          ]
        ]
      }
    },
    {
      "type": "Feature",
      "properties": {
        "layer": "YD-R2"
      },
      "geometry": {
        "type": "MultiPolygon",
        "coordinates": [
          [
            [
              [
                41195.86395612547,
                213431.0592936111
              ],
              [
                0.0,
                0.0
              ],
              [
                41191.976956405415,
                213432.03179454608
              ],
              [
                41195.86395612547,
                213431.0592936111
              ]
            ]
          ],
          [
            [
              [
                41037.85843268526,
                213491.2075658509
              ],
              [
                41029.20915205946,
                213550.4552771937
              ],
              [
                41048.39807956792,
                213544.8174409475
              ],
              [
                41210.59697644529,
                213521.368388125
              ],
              [
                41205.86686365206,
                213504.0009337847
              ],
              [
                41191.976956405415,
                213432.03179454608
              ],
              [
                41018.4526287872,
                213475.4464029856
              ],
              [
                41037.85843268526,
                213491.2075658509
              ]
            ]
          ]
        ]
      }
    },
    {
      "type": "Feature",
      "properties": {
        "layer": "YD-G1"
      },
      "geometry": {
        "type": "MultiPolygon",
        "coordinates": [
          [
            [
              [
                41209.21870906447,
                213443.2359958825
              ],
              [
                0.0,
                0.0
              ],
              [
                41194.82635051804,
                213446.7956398327
              ],
              [
                41209.21870906447,
                213443.2359958825
              ]
            ]
          ],
          [
            [
              [
                41200.016424405825,
                213473.68747889658
              ],
              [
                41194.82635051804,
                213446.7956398327
              ],
              [
                41189.80371008939,
                213448.0378831772
              ],
              [
                41200.016424405825,
                213473.68747889658
              ]
            ]
          ],
          [
            [
              [
                41200.016424405825,
                213473.68747889658
              ],
              [
                41205.86686365209,
                213504.0009337847
              ],
              [
                41217.54125083815,
                213517.7017046072
              ],
              [
                41200.016424405825,
                213473.68747889658
              ]
            ]
          ]
        ]
      }
    },
    {
      "type": "Feature",
      "properties": {
        "layer": "YD-G1"
      },
      "geometry": {
        "type": "MultiPolygon",
        "coordinates": [
          [
            [
              [
                40593.23550304708,
                213467.3381907127
              ],
              [
                40761.36503918117,
                213425.3681949784
              ],
              [
                40758.93793774834,
                213415.6672246003
              ],
              [
                40600.51065419612,
                213455.2152137796
              ],
              [
                0.0,
                0.0
              ],
              [
                40504.77535335225,
                213052.8689114462
              ],
              [
                40523.66856549464,
                213065.681290965
              ],
              [
                40593.23550304708,
                213467.3381907127
              ]
            ]
          ],
          [
            [
              [
                40520.37287908803,
                213134.9110306022
              ],
              [
                40504.77535335225,
                213052.8689114462
              ],
              [
                40498.83939963251,
                213048.8434608616
              ],
              [
                40520.37287908803,
                213134.9110306022
              ]
            ]
          ]
        ]
      }
    },
    {
      "type": "Feature",
      "properties": {
        "layer": "YD-U12"
      },
      "geometry": {
        "type": "MultiPolygon",
        "coordinates": [
          [
            [
              [
                40582.26286140656,
                213042.5539386278
              ],
              [
                0.0,
                0.0
              ],
              [
                40575.6361543345,
                213042.9044636072
              ],
              [
                40582.26286140656,
                213042.5539386278
              ]
            ]
          ],
          [
            [
              [
                40523.66856549466,
                213065.681290965
              ],
              [
                40509.07042970651,
                213089.7360577236
              ],
              [
                40583.50300524179,
                213084.2094664394
              ],
              [
                40575.6361543345,
                213042.9044636072
              ],
              [
                40500.2826633211,
                213046.8903468821
              ],
              [
                40523.66856549466,
                213065.681290965
              ]
            ]
          ]
        ]
      }
    },
    {
      "type": "Feature",
      "properties": {
        "layer": "YD-G2"
      },
      "geometry": {
        "type": "MultiPolygon",
        "coordinates": [
          [
            [
              [
                0.0,
                0.0
              ],
              [
                40644.20738319007,
                213039.27733352262
              ],
              [
                40666.22424293181,
                213038.1127340883
              ],
              [
                0.0,
                0.0
              ]
            ]
          ],
          [
            [
              [
                40647.04449334755,
                213054.1482323931
              ],
              [
                40644.20738319007,
                213039.27733352262
              ],
              [
                40582.26286140656,
                213042.5539386278
              ],
              [
                40578.495568130675,
                213044.04090109732
              ],
              [
                40647.04449334755,
                213054.1482323931
              ]
            ]
          ],
          [
            [
              [
                40578.495568130675,
                213044.04090109732
              ],
              [
                40522.08390682268,
                213035.7231725847
              ],
              [
                40523.66856549465,
                213065.681290965
              ],
              [
                40578.495568130675,
                213044.04090109732
              ]
            ]
          ]
        ]
      }
    },
    {
      "type": "Feature",
      "properties": {
        "layer": "YD-A4"
      },
      "geometry": {
        "type": "Polygon",
        "coordinates": [
          [
            [
              40582.26286140656,
              213042.5539386278
            ],
            [
              40583.50300524179,
              213084.2094664394
            ],
            [
              40603.62143269666,
              213164.8028891939
            ],
            [
              40529.2334883323,
              213170.3261666303
            ],
            [
              40600.51065419612,
              213455.2152137796
            ],
            [
              40758.93793774834,
              213415.6672246003
            ],
            [
              0.0,
              0.0
            ],
            [
              40600.6889233406,
              213041.57927732018
            ],
            [
              40582.26286140656,
              213042.5539386278
            ]
          ],
          [
            [
              40666.22424293181,
              213038.1127340883
            ],
            [
              40671.43260202574,
              213048.6509462354
            ],
            [
              40673.05189238924,
              213060.3166559004
            ],
            [
              40683.45817742789,
              213113.979413328
            ],
            [
              40640.54531767236,
              213250.7153638721
            ],
            [
              40600.6889233406,
              213041.57927732018
            ],
            [
              40666.22424293181,
              213038.1127340883
            ]
          ]
        ]
      }
    },
    {
      "type": "Feature",
      "properties": {
        "layer": "YD-B1B2"
      },
      "geometry": {
        "type": "MultiPolygon",
        "coordinates": [
          [
            [
              [
                42107.99259851981,
                213124.8826578122
              ],
              [
                0.0,
                0.0
              ],
              [
                40924.79087682432,
                213298.9821818269
              ],
              [
                42107.99259851981,
                213124.8826578122
              ]
            ]
          ],
          [
            [
              [
                40778.606857951,
                213312.9968026366
              ],
              [
                40782.97565640466,
                213330.4585780352
              ],
              [
                40784.16384889343,
                213409.3701144143
              ],
              [
                40938.57499658455,
                213370.8246678149
              ],
              [
                40924.79087682432,
                213298.9821818269
              ],
              [
                40905.93577043859,
                213301.7565735361
              ],
              [
                40778.606857951,
                213312.9968026366
              ]
            ]
          ]
        ]
      }
    },
    {
      "type": "Feature",
      "properties": {
        "layer": "YD-G1"
      },
      "geometry": {
        "type": "MultiPolygon",
        "coordinates": [
          [
            [
              [
                40933.72049100188,
                213372.036491498
              ],
              [
                40938.82462320477,
                213370.96220400237
              ],
              [
                0.0,
                0.0
              ],
              [
                40784.71089641924,
                213409.23355567805
              ],
              [
                40933.72049100188,
                213372.036491498
              ]
            ]
          ],
          [
            [
              [
                40938.82462320477,
                213370.96220400237
              ],
              [
                40940.67517815894,
                213380.6071973508
              ],
              [
                42107.99259852055,
                213124.8826578118
              ],
              [
                40938.82462320477,
                213370.96220400237
              ]
            ]
          ],
          [
            [
              [
                40784.71089641924,
                213409.23355567805
              ],
              [
                40784.16384889343,
                213409.3701144143
              ],
              [
                40786.59094868954,
                213419.0710782504
              ],
              [
                40784.71089641924,
                213409.23355567805
              ]
            ]
          ]
        ]
      }
    },
    {
      "type": "Feature",
      "properties": {
        "layer": "YD-R2"
      },
      "geometry": {
        "type": "Polygon",
        "coordinates": [
          [
            [
              40957.90908878375,
              213022.6838304906
            ],
            [
              40981.29499095729,
              213041.4747745736
            ],
            [
              40954.4721373712,
              213216.938464249
            ],
            [
              40974.46884930632,
              213216.5758187143
            ],
            [
              41108.55760321569,
              213203.6443306166
            ],
            [
              41094.69268798828,
              213148.2274780274
            ],
            [
              41075.5357055664,
              213071.6572875977
            ],
            [
              0.0,
              0.0
            ],
            [
              41062.1191739222,
              213017.17155455172
            ],
            [
              40957.90908878375,
              213022.6838304906
            ]
          ],
          [
            [
              41062.20856570237,
              213017.1668261019
            ],
            [
              41062.42752062423,
              213018.77115884994
            ],
            [
              41062.1191739222,
              213017.17155455172
            ],
            [
              41062.20856570237,
              213017.1668261019
            ]
          ],
          [
            [
              41062.84210205078,
              213020.921875
            ],
            [
              41062.54791259766,
              213019.5407104492
            ],
            [
              41062.42767333984,
              213018.7722778321
            ],
            [
              41062.42752062423,
              213018.77115884994
            ],
            [
              41062.84210205078,
              213020.921875
            ]
          ]
        ]
      }
    },
    {
      "type": "Feature",
      "properties": {
        "layer": "YD-G2"
      },
      "geometry": {
        "type": "MultiPolygon",
        "coordinates": [
          [
            [
              [
                41060.85168069318,
                213007.2246195647
              ],
              [
                0.0,
                0.0
              ],
              [
                41060.29770695174,
                213007.25392244954
              ],
              [
                41060.85168069318,
                213007.2246195647
              ]
            ]
          ],
          [
            [
              [
                40981.29499095729,
                213041.4747745736
              ],
              [
                41062.20856570237,
                213017.1668261019
              ],
              [
                41060.29770695174,
                213007.25392244954
              ],
              [
                40979.71033228533,
                213011.5166561932
              ],
              [
                40981.29499095729,
                213041.4747745736
              ]
            ]
          ]
        ]
      }
    },
    {
      "type": "Feature",
      "properties": {
        "layer": "YD-G1"
      },
      "geometry": {
        "type": "Polygon",
        "coordinates": [
          [
            [
              41080.36713364547,
              213031.2272841885
            ],
            [
              41060.85168069318,
              213007.2246195647
            ],
            [
              41062.42767333984,
              213018.7722778321
            ],
            [
              41062.54791259766,
              213019.5407104492
            ],
            [
              41062.84210205078,
              213020.921875
            ],
            [
              41075.5357055664,
              213071.6572875977
            ],
            [
              41094.69268798828,
              213148.2274780274
            ],
            [
              41108.55760321569,
              213203.6443306166
            ],
            [
              41127.95959128433,
              213198.7901062587
            ],
            [
              41114.0947265625,
              213143.3732910156
            ],
            [
              41094.9375,
              213066.803100586
            ],
            [
              0.0,
              0.0
            ],
            [
              41080.84632738938,
              213008.82113461875
            ],
            [
              41080.36713364547,
              213031.2272841885
            ]
          ],
          [
            [
              41080.90167907294,
              213006.232999618
            ],
            [
              41082.24389648437,
              213016.0676879883
            ],
            [
              41080.84632738938,
              213008.82113461875
            ],
            [
              41080.90167907294,
              213006.232999618
            ]
          ]
        ]
      }
    },
    {
      "type": "Feature",
      "properties": {
        "layer": "YD-B1B2"
      },
      "geometry": {
        "type": "MultiPolygon",
        "coordinates": [
          [
            [
              [
                41085.27992510894,
                213236.2696204919
              ],
              [
                40979.09899248389,
                213262.8352522029
              ],
              [
                40983.95321298795,
                213282.237224868
              ],
              [
                41096.40376395824,
                213266.495242878
              ],
              [
                0.0,
                0.0
              ],
              [
                41085.27992510894,
                213236.2696204919
              ]
            ]
          ],
          [
            [
              [
                42107.992598512705,
                213124.88265781355
              ],
              [
                42107.99259851868,
                213124.8826578127
              ],
              [
                42107.99259851981,
                213124.8826578121
              ],
              [
                42107.992598512705,
                213124.88265781355
              ]
            ]
          ],
          [
            [
              [
                41096.40376395824,
                213266.495242878
              ],
              [
                41108.34166853944,
                213328.4460423981
              ],
              [
                42107.992598512705,
                213124.88265781355
              ],
              [
                41096.40376395824,
                213266.495242878
              ]
            ]
          ]
        ]
      }
    },
    {
      "type": "Feature",
      "properties": {
        "layer": "YD-G1"
      },
      "geometry": {
        "type": "MultiPolygon",
        "coordinates": [
          [
            [
              [
                0.0,
                0.0
              ],
              [
                41134.27008506358,
                213224.0126689409
              ],
              [
                41085.27992510895,
                213236.2696204919
              ],
              [
                41108.34166853944,
                213328.4460423981
              ],
              [
                40977.41209262998,
                213361.1298158947
              ],
              [
                41161.964381817685,
                213322.56559723787
              ],
              [
                41156.06970214844,
                213311.1442871094
              ],
              [
                0.0,
                0.0
              ]
            ]
          ],
          [
            [
              [
                42107.99259851861,
                213124.8826578121
              ],
              [
                41161.964381817685,
                213322.56559723787
              ],
              [
                41163.24520872749,
                213325.0472793951
              ],
              [
                42107.99259851861,
                213124.8826578121
              ]
            ]
          ]
        ]
      }
    },
    {
      "type": "Feature",
      "properties": {
        "layer": "YD-G2"
      },
      "geometry": {
        "type": "MultiPolygon",
        "coordinates": [
          [
            [
              [
                41359.176104803395,
                213168.53660602967
              ],
              [
                42477.433914741676,
                212913.38452938356
              ],
              [
                42477.43391474391,
                212913.384529383
              ],
              [
                0.0,
                0.0
              ],
              [
                41359.176104803395,
                213168.53660602967
              ]
            ]
          ],
          [
            [
              [
                41323.13855314964,
                213176.7592681564
              ],
              [
                41333.80769248131,
                213199.8605090885
              ],
              [
                41363.7961075775,
                213192.34847375102
              ],
              [
                41359.176104803395,
                213168.53660602967
              ],
              [
                41323.13855314964,
                213176.7592681564
              ]
            ]
          ],
          [
            [
              [
                41377.18111255845,
                213261.3358713003
              ],
              [
                42477.43391474413,
                212913.384529383
              ],
              [
                42477.433914741676,
                212913.38452938356
              ],
              [
                41363.7961075775,
                213192.34847375102
              ],
              [
                41377.18111255845,
                213261.3358713003
              ]
            ]
          ]
        ]
      }
    },
    {
      "type": "Feature",
      "properties": {
        "layer": "YD-G1"
      },
      "geometry": {
        "type": "MultiPolygon",
        "coordinates": [
          [
            [
              [
                41376.42404346153,
                213251.1880404139
              ],
              [
                0.0,
                0.0
              ],
              [
                41196.18463125832,
                213306.4877319575
              ],
              [
                41376.42404346153,
                213251.1880404139
              ]
            ]
          ],
          [
            [
              [
                41376.42404346153,
                213251.1880404139
              ],
              [
                41380.24442068132,
                213270.8779967047
              ],
              [
                42477.43391474425,
                212913.384529383
              ],
              [
                41376.42404346153,
                213251.1880404139
              ]
            ]
          ],
          [
            [
              [
                41196.18463125832,
                213306.4877319575
              ],
              [
                41195.66205780182,
                213306.6480639881
              ],
              [
                41198.08916504228,
                213316.3490678035
              ],
              [
                41196.18463125832,
                213306.4877319575
              ]
            ]
          ]
        ]
      }
    },
    {
      "type": "Feature",
      "properties": {
        "layer": "YD-G1"
      },
      "geometry": {
        "type": "MultiPolygon",
        "coordinates": [
          [
            [
              [
                40890.98165574571,
                212772.1521657482
              ],
              [
                0.0,
                0.0
              ],
              [
                40885.52068563882,
                212772.02041442294
              ],
              [
                40890.98165574571,
                212772.1521657482
              ]
            ]
          ],
          [
            [
              [
                40691.86267089843,
                212711.0618896484
              ],
              [
                40685.32690429687,
                212709.2877197266
              ],
              [
                40678.64971923828,
                212708.1585083008
              ],
              [
                40671.89392089844,
                212707.6860961914
              ],
              [
                40611.830078125,
                212706.421081543
              ],
              [
                40595.10430908203,
                212705.4866943359
              ],
              [
                40578.48413085937,
                212703.3917236328
              ],
              [
                40562.04907226562,
                212700.1467285156
              ],
              [
                40477.96449999976,
                212680.4838035118
              ],
              [
                40477.96449999976,
                212714.0253248407
              ],
              [
                40497.96449999976,
                212714.0253248407
              ],
              [
                40647.41228993358,
                212737.1762729416
              ],
              [
                40646.9714799279,
                212758.113107859
              ],
              [
                40770.14614943538,
                212756.5382587342
              ],
              [
                40774.50669517491,
                212746.5478739043
              ],
              [
                40769.84832763671,
                212744.7402954102
              ],
              [
                40698.19427490234,
                212713.4649047852
              ],
              [
                40691.86267089843,
                212711.0618896484
              ]
            ]
          ],
          [
            [
              [
                40426.11692646655,
                212760.9368426547
              ],
              [
                40646.799931091286,
                212766.26103922678
              ],
              [
                40646.9714799279,
                212758.113107859
              ],
              [
                40426.11692646655,
                212760.9368426547
              ]
            ]
          ],
          [
            [
              [
                40644.04435136484,
                212897.1408221074
              ],
              [
                40762.42277185635,
                212774.2331801523
              ],
              [
                40764.661281920125,
                212769.1045613237
              ],
              [
                40646.799931091286,
                212766.26103922678
              ],
              [
                40644.04435136484,
                212897.1408221074
              ]
            ]
          ],
          [
            [
              [
                40879.566164147785,
                212771.87675568054
              ],
              [
                40818.4269182459,
                212645.9228704061
              ],
              [
                40774.50669517491,
                212746.5478739043
              ],
              [
                40780.64447021484,
                212748.9295043945
              ],
              [
                40791.75030517578,
                212752.2114868164
              ],
              [
                40803.08947753906,
                212754.5637207031
              ],
              [
                40814.58447265625,
                212755.9700927735
              ],
              [
                40770.14614943538,
                212756.5382587342
              ],
              [
                40764.661281920125,
                212769.1045613237
              ],
              [
                40879.566164147785,
                212771.87675568054
              ]
            ]
          ],
          [
            [
              [
                40885.52068563882,
                212772.02041442294
              ],
              [
                40879.566164147785,
                212771.87675568054
              ],
              [
                40889.37673823024,
                212792.0876677425
              ],
              [
                40885.52068563882,
                212772.02041442294
              ]
            ]
          ]
        ]
      }
    },
    {
      "type": "Feature",
      "properties": {
        "layer": "YD-G1"
      },
      "geometry": {
        "type": "MultiPolygon",
        "coordinates": [
          [
            [
              [
                40497.96439999975,
                212774.0386197443
              ],
              [
                40487.96439999977,
                212756.7181116686
              ],
              [
                0.0,
                0.0
              ],
              [
                40480.235652557494,
                212926.776738536
              ],
              [
                40497.96439999975,
                212774.0386197443
              ]
            ]
          ],
          [
            [
              [
                40483.95569218011,
                212946.3442146985
              ],
              [
                40480.235652557494,
                212926.776738536
              ],
              [
                40477.96439999977,
                212946.3442146985
              ],
              [
                40483.95569218011,
                212946.3442146985
              ]
            ]
          ],
          [
            [
              [
                40483.95569218011,
                212946.3442146985
              ],
              [
                40487.96439999977,
                212967.4300908345
              ],
              [
                40507.96439999977,
                212946.3442146985
              ],
              [
                40483.95569218011,
                212946.3442146985
              ]
            ]
          ]
        ]
      }
    },
    {
      "type": "Feature",
      "properties": {
        "layer": "YD-B1B2"
      },
      "geometry": {
        "type": "MultiPolygon",
        "coordinates": [
          [
            [
              [
                40652.35841008878,
                212772.2881665338
              ],
              [
                40667.35840879459,
                212772.281935473
              ],
              [
                0.0,
                0.0
              ],
              [
                40608.62234032594,
                212767.10563745777
              ],
              [
                40652.35841008878,
                212772.2881665338
              ]
            ]
          ],
          [
            [
              [
                40497.96439999978,
                212774.0386197443
              ],
              [
                40487.96439999977,
                212967.4300908345
              ],
              [
                40663.19424637488,
                212958.1611677293
              ],
              [
                40642.42983811862,
                212944.2385476538
              ],
              [
                40608.62234032594,
                212767.10563745777
              ],
              [
                40498.38539232085,
                212754.0430510986
              ],
              [
                40497.96439999978,
                212774.0386197443
              ]
            ]
          ]
        ]
      }
    },
    {
      "type": "Feature",
      "properties": {
        "layer": "YD-G2"
      },
      "geometry": {
        "type": "MultiPolygon",
        "coordinates": [
          [
            [
              [
                0.0,
                0.0
              ],
              [
                40639.08189442067,
                212944.74121013793
              ],
              [
                40642.42983811864,
                212944.2385476538
              ],
              [
                0.0,
                0.0
              ]
            ]
          ],
          [
            [
              [
                40564.74195514102,
                212955.9026578563
              ],
              [
                40507.96439999976,
                212946.3442146985
              ],
              [
                40489.281491051195,
                212967.23234191173
              ],
              [
                40564.74195514102,
                212955.9026578563
              ]
            ]
          ],
          [
            [
              [
                40564.74195514102,
                212955.9026578563
              ],
              [
                40643.75038701194,
                212969.203646304
              ],
              [
                40639.08189442067,
                212944.74121013793
              ],
              [
                40564.74195514102,
                212955.9026578563
              ]
            ]
          ],
          [
            [
              [
                40489.281491051195,
                212967.23234191173
              ],
              [
                40487.96439999977,
                212967.4300908345
              ],
              [
                40487.96439999977,
                212968.7048944735
              ],
              [
                40489.281491051195,
                212967.23234191173
              ]
            ]
          ]
        ]
      }
    },
    {
      "type": "Feature",
      "properties": {
        "layer": "YD-A33"
      },
      "geometry": {
        "type": "MultiPolygon",
        "coordinates": [
          [
            [
              [
                40892.49078867655,
                212832.4677792808
              ],
              [
                40912.48750152369,
                212832.1051840407
              ],
              [
                0.0,
                0.0
              ],
              [
                40868.91411736122,
                212825.1262118773
              ],
              [
                40892.49078867655,
                212832.4677792808
              ]
            ]
          ],
          [
            [
              [
                40818.4269182458,
                212645.9228704061
              ],
              [
                40708.36464094318,
                212772.4602947337
              ],
              [
                40702.36419668716,
                212786.2078279208
              ],
              [
                40687.42830822964,
                212940.5463077153
              ],
              [
                40712.42830607261,
                212940.5359226137
              ],
              [
                40910.04432030117,
                212945.1038353108
              ],
              [
                40889.2799120449,
                212931.1812152354
              ],
              [
                40868.91411736122,
                212825.1262118773
              ],
              [
                40805.58757812207,
                212805.4068863612
              ],
              [
                40818.4269182458,
                212645.9228704061
              ]
            ]
          ]
        ]
      }
    },
    {
      "type": "Feature",
      "properties": {
        "layer": "YD-G2"
      },
      "geometry": {
        "type": "MultiPolygon",
        "coordinates": [
          [
            [
              [
                40889.27991204488,
                212931.1812152354
              ],
              [
                0.0,
                0.0
              ],
              [
                40885.891087629796,
                212931.6201396548
              ],
              [
                40889.27991204488,
                212931.1812152354
              ]
            ]
          ],
          [
            [
              [
                40774.83786909764,
                212946.0038797065
              ],
              [
                40890.60046093819,
                212956.1463138857
              ],
              [
                40885.891087629796,
                212931.6201396548
              ],
              [
                40774.83786909764,
                212946.0038797065
              ]
            ]
          ],
          [
            [
              [
                40774.83786909764,
                212946.0038797065
              ],
              [
                40712.42830607262,
                212940.5359226137
              ],
              [
                40693.24855648832,
                212956.5714209185
              ],
              [
                40774.83786909764,
                212946.0038797065
              ]
            ]
          ]
        ]
      }
    },
    {
      "type": "Feature",
      "properties": {
        "layer": "YD-G2"
      },
      "geometry": {
        "type": "MultiPolygon",
        "coordinates": [
          [
            [
              [
                40950.47756276214,
                213513.0694711861
              ],
              [
                40960.17482608428,
                213490.026834964
              ],
              [
                0.0,
                0.0
              ],
              [
                40824.60017322916,
                213519.0225551501
              ],
              [
                40950.47756276214,
                213513.0694711861
              ]
            ]
          ],
          [
            [
              [
                40828.32006596333,
                213538.4781739985
              ],
              [
                40824.60017322916,
                213519.0225551501
              ],
              [
                40823.46584910294,
                213519.0762004218
              ],
              [
                40828.32006596333,
                213538.4781739985
              ]
            ]
          ]
        ]
      }
    },
    {
      "type": "Feature",
      "properties": {
        "layer": "YD-G2"
      },
      "geometry": {
        "type": "MultiPolygon",
        "coordinates": [
          [
            [
              [
                40774.96463862736,
                213551.8272703647
              ],
              [
                40784.15717523893,
                213534.0650275264
              ],
              [
                0.0,
                0.0
              ],
              [
                40644.65919561096,
                213564.0354613991
              ],
              [
                40774.96463862736,
                213551.8272703647
              ]
            ]
          ],
          [
            [
              [
                40649.30026761493,
                213588.4215944274
              ],
              [
                40644.65919561096,
                213564.0354613991
              ],
              [
                40643.23249653941,
                213564.1691274564
              ],
              [
                40649.30026761493,
                213588.4215944274
              ]
            ]
          ]
        ]
      }
    },
    {
      "type": "Feature",
      "properties": {
        "layer": "YD-R2B1"
      },
      "geometry": {
        "type": "MultiPolygon",
        "coordinates": [
          [
            [
              [
                40794.36661356577,
                213546.9730589469
              ],
              [
                0.0,
                0.0
              ],
              [
                40783.65289821295,
                213549.6535406792
              ],
              [
                40794.36661356577,
                213546.9730589469
              ]
            ]
          ],
          [
            [
              [
                40629.89457057208,
                213572.6602834958
              ],
              [
                40649.30026761494,
                213588.4215944274
              ],
              [
                40641.55968165598,
                213660.4860142729
              ],
              [
                40656.11115907207,
                213656.8453405702
              ],
              [
                40800.74780763253,
                213632.9975178871
              ],
              [
                40796.80590009941,
                213618.5247377464
              ],
              [
                40783.65289821295,
                213549.6535406792
              ],
              [
                40774.96463862735,
                213551.8272703647
              ],
              [
                40629.89457057208,
                213572.6602834958
              ]
            ]
          ]
        ]
      }
    },
    {
      "type": "Feature",
      "properties": {
        "layer": "YD-R2"
      },
      "geometry": {
        "type": "MultiPolygon",
        "coordinates": [
          [
            [
              [
                40811.84620406107,
                213527.1374564716
              ],
              [
                40828.32006596335,
                213538.4781739985
              ],
              [
                40825.68211507156,
                213610.3371255118
              ],
              [
                40840.23359627539,
                213606.6964669485
              ],
              [
                40976.45044541875,
                213585.141919671
              ],
              [
                40971.539022992474,
                213559.5416823508
              ],
              [
                40971.19456870792,
                213565.8448794835
              ],
              [
                40960.50477673829,
                213510.1234274338
              ],
              [
                40950.47756276216,
                213513.0694711861
              ],
              [
                40811.84620406107,
                213527.1374564716
              ]
            ]
          ],
          [
            [
              [
                40974.46373054457,
                213506.0222195861
              ],
              [
                40961.97521452156,
                213509.69140573218
              ],
              [
                40971.539022992474,
                213559.5416823508
              ],
              [
                40974.46373054457,
                213506.0222195861
              ]
            ]
          ],
          [
            [
              [
                0.0,
                0.0
              ],
              [
                40960.50477673829,
                213510.1234274338
              ],
              [
                40961.97521452156,
                213509.69140573218
              ],
              [
                0.0,
                0.0
              ]
            ]
          ]
        ]
      }
    },
    {
      "type": "Feature",
      "properties": {
        "layer": "YD-A33"
      },
      "geometry": {
        "type": "MultiPolygon",
        "coordinates": [
          [
            [
              [
                41005.8905104286,
                213612.9870418951
              ],
              [
                0.0,
                0.0
              ],
              [
                40994.14460246277,
                213616.43804621795
              ],
              [
                41005.8905104286,
                213612.9870418951
              ]
            ]
          ],
          [
            [
              [
                40847.21601789212,
                213635.8875370486
              ],
              [
                40851.15792542524,
                213650.3603171893
              ],
              [
                40858.09751383169,
                213739.8994169386
              ],
              [
                40875.55929127629,
                213735.5306266626
              ],
              [
                41028.75407026467,
                213700.7188120864
              ],
              [
                41009.3719140042,
                213695.7860624784
              ],
              [
                40994.14460246277,
                213616.43804621795
              ],
              [
                40986.70157620268,
                213618.6248431751
              ],
              [
                40847.21601789212,
                213635.8875370486
              ]
            ]
          ]
        ]
      }
    },
    {
      "type": "Feature",
      "properties": {
        "layer": "YD-G1"
      },
      "geometry": {
        "type": "Polygon",
        "coordinates": [
          [
            [
              0.0,
              0.0
            ],
            [
              40875.55929127627,
              213735.5306266626
            ],
            [
              40862.20580387017,
              213747.600604877
            ],
            [
              41009.37191400421,
              213695.7860624784
            ],
            [
              41014.79109689308,
              213715.0378794528
            ],
            [
              0.0,
              0.0
            ]
          ]
        ]
      }
    },
    {
      "type": "Feature",
      "properties": {
        "layer": "YD-R2B1"
      },
      "geometry": {
        "type": "Polygon",
        "coordinates": [
          [
            [
              0.0,
              0.0
            ],
            [
              40812.01771882385,
              213761.7280854845
            ],
            [
              40689.66901370631,
              213790.9733629422
            ],
            [
              40675.11753629022,
              213794.6140366449
            ],
            [
              40667.03553341368,
              213700.5091785022
            ],
            [
              40663.09362588055,
              213686.0363983616
            ],
            [
              40784.78758789884,
              213652.8909804837
            ],
            [
              0.0,
              0.0
            ]
          ]
        ]
      }
    },
    {
      "type": "Feature",
      "properties": {
        "layer": "YD-G1"
      },
      "geometry": {
        "type": "MultiPolygon",
        "coordinates": [
          [
            [
              [
                40822.28171045307,
                213658.5479294238
              ],
              [
                0.0,
                0.0
              ],
              [
                40809.702909097956,
                213661.69504003265
              ],
              [
                40822.28171045307,
                213658.5479294238
              ]
            ]
          ],
          [
            [
              [
                40809.702909097956,
                213661.69504003265
              ],
              [
                40807.73022924924,
                213662.1885879872
              ],
              [
                40784.78758789884,
                213652.8909804837
              ],
              [
                40812.01771882385,
                213761.7280854845
              ],
              [
                40736.890540004366,
                213782.8756897592
              ],
              [
                40831.32344268643,
                213766.6820839276
              ],
              [
                40826.44617808645,
                213749.3554486507
              ],
              [
                40809.702909097956,
                213661.69504003265
              ]
            ]
          ],
          [
            [
              [
                40736.890540004366,
                213782.8756897592
              ],
              [
                40689.66901370631,
                213790.9733629422
              ],
              [
                40677.41098371812,
                213799.6186333722
              ],
              [
                40736.890540004366,
                213782.8756897592
              ]
            ]
          ]
        ]
      }
    },
    {
      "type": "Feature",
      "properties": {
        "layer": "YD-R2"
      },
      "geometry": {
        "type": "MultiPolygon",
        "coordinates": [
          [
            [
              [
                40362.17454494747,
                213783.9143445622
              ],
              [
                0.0,
                0.0
              ],
              [
                40350.005520709805,
                213786.9187258122
              ],
              [
                40362.17454494747,
                213783.9143445622
              ]
            ]
          ],
          [
            [
              [
                40283.76507935791,
                213789.3531056223
              ],
              [
                40288.49538239943,
                213806.7203760439
              ],
              [
                40292.51922273779,
                213896.9652908813
              ],
              [
                40311.92119395219,
                213892.1110645788
              ],
              [
                40384.99793958316,
                213881.9293633005
              ],
              [
                40367.30895537051,
                213878.5977214343
              ],
              [
                40350.005520709805,
                213786.9187258122
              ],
              [
                40347.61178355905,
                213787.5097098445
              ],
              [
                40283.76507935791,
                213789.3531056223
              ]
            ]
          ]
        ]
      }
    },
    {
      "type": "Feature",
      "properties": {
        "layer": "YD-R2"
      },
      "geometry": {
        "type": "MultiPolygon",
        "coordinates": [
          [
            [
              [
                40516.5728999998,
                213741.8131
              ],
              [
                0.0,
                0.0
              ],
              [
                40504.27105819668,
                213744.89084003787
              ],
              [
                40516.5728999998,
                213741.8131
              ]
            ]
          ],
          [
            [
              [
                40384.20240767959,
                213761.9973251456
              ],
              [
                40388.14430363049,
                213776.4700326552
              ],
              [
                40396.07128287471,
                213869.9549315517
              ],
              [
                40413.5330564484,
                213865.5861258041
              ],
              [
                40539.07833883771,
                213838.5573603221
              ],
              [
                40521.38935462509,
                213835.225718456
              ],
              [
                40504.27105819668,
                213744.89084003787
              ],
              [
                40502.02140708033,
                213745.4536696875
              ],
              [
                40384.20240767959,
                213761.9973251456
              ]
            ]
          ]
        ]
      }
    },
    {
      "type": "Feature",
      "properties": {
        "layer": "YD-R2B1"
      },
      "geometry": {
        "type": "MultiPolygon",
        "coordinates": [
          [
            [
              [
                40614.03281823733,
                213715.2680367545
              ],
              [
                0.0,
                0.0
              ],
              [
                40604.71327595101,
                213717.59971838057
              ],
              [
                40614.03281823733,
                213715.2680367545
              ]
            ]
          ],
          [
            [
              [
                40538.61196213343,
                213719.9413375489
              ],
              [
                40542.55387447007,
                213734.4140155729
              ],
              [
                40550.15151882061,
                213826.5829752265
              ],
              [
                40567.61329223459,
                213822.2141688404
              ],
              [
                40637.22674645325,
                213810.9296215052
              ],
              [
                40622.25886039826,
                213809.9486082308
              ],
              [
                40604.71327595101,
                213717.59971838057
              ],
              [
                40599.48134082125,
                213718.9087104572
              ],
              [
                40538.61196213343,
                213719.9413375489
              ]
            ]
          ]
        ]
      }
    },
    {
      "type": "Feature",
      "properties": {
        "layer": "YD-G1"
      },
      "geometry": {
        "type": "Polygon",
        "coordinates": [
          [
            [
              0.0,
              0.0
            ],
            [
              40567.61329223459,
              213822.2141688404
            ],
            [
              40554.25965433308,
              213834.2839805538
            ],
            [
              40622.25886039825,
              213809.9486082308
            ],
            [
              40626.32324756491,
              213824.3874709616
            ],
            [
              0.0,
              0.0
            ]
          ]
        ]
      }
    },
    {
      "type": "Feature",
      "properties": {
        "layer": "YD-G1"
      },
      "geometry": {
        "type": "Polygon",
        "coordinates": [
          [
            [
              0.0,
              0.0
            ],
            [
              40413.53305644844,
              213865.5861258041
            ],
            [
              40400.1794185469,
              213877.6559375174
            ],
            [
              40521.38935462506,
              213835.2257184559
            ],
            [
              40526.26661922506,
              213852.5523537329
            ],
            [
              0.0,
              0.0
            ]
          ]
        ]
      }
    },
    {
      "type": "Feature",
      "properties": {
        "layer": "YD-G1"
      },
      "geometry": {
        "type": "MultiPolygon",
        "coordinates": [
          [
            [
              [
                0.0,
                0.0
              ],
              [
                40367.30895537051,
                213878.5977214343
              ],
              [
                40330.679822467966,
                213893.29802383628
              ],
              [
                40372.1862199705,
                213895.9243567112
              ],
              [
                0.0,
                0.0
              ]
            ]
          ],
          [
            [
              [
                40297.95822282774,
                213906.4301231155
              ],
              [
                40330.679822467966,
                213893.29802383628
              ],
              [
                40311.92119395218,
                213892.1110645788
              ],
              [
                40297.95822282774,
                213906.4301231155
              ]
            ]
          ]
        ]
      }
    },
    {
      "type": "Feature",
      "properties": {
        "layer": "YD-G1"
      },
      "geometry": {
        "type": "MultiPolygon",
        "coordinates": [
          [
            [
              [
                40245.28106595325,
                213914.1643748592
              ],
              [
                40252.52892120643,
                213932.8048843541
              ],
              [
                0.0,
                0.0
              ],
              [
                40116.749701879824,
                213974.15329580047
              ],
              [
                40245.28106595325,
                213914.1643748592
              ]
            ]
          ],
          [
            [
              [
                40116.87487651922,
                213974.8209505252
              ],
              [
                40116.749701879824,
                213974.15329580047
              ],
              [
                40107.55462177179,
                213978.4448781518
              ],
              [
                40116.87487651922,
                213974.8209505252
              ]
            ]
          ]
        ]
      }
    },
    {
      "type": "Feature",
      "properties": {
        "layer": "YD-R2"
      },
      "geometry": {
        "type": "MultiPolygon",
        "coordinates": [
          [
            [
              [
                40224.80155302061,
                213824.0685846033
              ],
              [
                40242.27757068374,
                213819.757138572
              ],
              [
                40245.28106595324,
                213914.1643748592
              ],
              [
                40265.04814834191,
                213917.2078028344
              ],
              [
                0.0,
                0.0
              ],
              [
                40091.9826117352,
                213842.05093998427
              ],
              [
                40224.80155302061,
                213824.0685846033
              ]
            ]
          ],
          [
            [
              [
                40092.54639343076,
                213856.9811254522
              ],
              [
                40107.17389253241,
                213977.2480701529
              ],
              [
                40116.87487651927,
                213974.8209505252
              ],
              [
                40091.9826117352,
                213842.05093998427
              ],
              [
                40088.60448172123,
                213842.5083049794
              ],
              [
                40092.54639343076,
                213856.9811254522
              ]
            ]
          ]
        ]
      }
    },
    {
      "type": "Feature",
      "properties": {
        "layer": "YD-R2"
      },
      "geometry": {
        "type": "MultiPolygon",
        "coordinates": [
          [
            [
              [
                40398.38064497115,
                213928.6273415553
              ],
              [
                0.0,
                0.0
              ],
              [
                40392.76826518968,
                213930.01457545487
              ],
              [
                40398.38064497115,
                213928.6273415553
              ]
            ]
          ],
          [
            [
              [
                40321.07088094469,
                213931.0901053634
              ],
              [
                40326.49001315335,
                213950.3418772052
              ],
              [
                40345.54783741522,
                214108.9168498544
              ],
              [
                40363.00964453761,
                214104.548166261
              ],
              [
                40427.3859126711,
                214098.8349986065
              ],
              [
                40422.00039712734,
                214084.8351208168
              ],
              [
                40392.76826518968,
                213930.01457545487
              ],
              [
                40380.90657497827,
                213932.9464758979
              ],
              [
                40321.07088094469,
                213931.0901053634
              ]
            ]
          ]
        ]
      }
    },
    {
      "type": "Feature",
      "properties": {
        "layer": "YD-R2B1"
      },
      "geometry": {
        "type": "MultiPolygon",
        "coordinates": [
          [
            [
              [
                40576.33375206123,
                213859.2362853462
              ],
              [
                40581.21100739157,
                213876.5628641294
              ],
              [
                40597.21851664667,
                214014.7055665336
              ],
              [
                40611.77002736043,
                214011.0648851262
              ],
              [
                40668.45606568568,
                214005.1222937587
              ],
              [
                40657.7333289451,
                213948.69722112291
              ],
              [
                40661.26649686747,
                213986.4592203274
              ],
              [
                40636.83143254604,
                213857.86576160256
              ],
              [
                40634.39957731381,
                213858.4741939549
              ],
              [
                40576.33375206123,
                213859.2362853462
              ]
            ]
          ],
          [
            [
              [
                40648.95105518249,
                213854.833520862
              ],
              [
                40640.3069318071,
                213856.99621716465
              ],
              [
                40657.7333289451,
                213948.69722112291
              ],
              [
                40648.95105518249,
                213854.833520862
              ]
            ]
          ],
          [
            [
              [
                0.0,
                0.0
              ],
              [
                40636.83143254604,
                213857.86576160256
              ],
              [
                40640.3069318071,
                213856.99621716465
              ],
              [
                0.0,
                0.0
              ]
            ]
          ]
        ]
      }
    },
    {
      "type": "Feature",
      "properties": {
        "layer": "YD-R2B1"
      },
      "geometry": {
        "type": "Polygon",
        "coordinates": [
          [
            [
              0.0,
              0.0
            ],
            [
              40563.66136310034,
              214193.7090856584
            ],
            [
              40554.93254934321,
              214084.6587974044
            ],
            [
              40548.41076090268,
              214067.8818407216
            ],
            [
              40674.72160645176,
              214040.2383323759
            ],
            [
              40694.13651500403,
              214035.436419099
            ],
            [
              40716.84997645713,
              214126.2194011
            ],
            [
              0.0,
              0.0
            ]
          ]
        ]
      }
    },
    {
      "type": "Feature",
      "properties": {
        "layer": "YD-G2"
      },
      "geometry": {
        "type": "MultiPolygon",
        "coordinates": [
          [
            [
              [
                40688.99541882839,
                214138.4910833226
              ],
              [
                40695.26041431384,
                214135.73095929736
              ],
              [
                0.0,
                0.0
              ],
              [
                40688.99541882839,
                214138.4910833226
              ]
            ]
          ],
          [
            [
              [
                40695.26041431384,
                214135.73095929736
              ],
              [
                40695.260426136396,
                214135.73102150686
              ],
              [
                40716.84996304932,
                214126.219407007
              ],
              [
                40695.26041431384,
                214135.73095929736
              ]
            ]
          ],
          [
            [
              [
                40584.69342880009,
                214195.370474524
              ],
              [
                40701.00919614544,
                214165.9806637372
              ],
              [
                40695.260426136396,
                214135.73102150686
              ],
              [
                40563.66136310034,
                214193.7090856584
              ],
              [
                40565.28396191452,
                214200.1944709319
              ],
              [
                40584.69342880009,
                214195.370474524
              ]
            ]
          ]
        ]
      }
    },
    {
      "type": "Feature",
      "properties": {
        "layer": "YD-G1"
      },
      "geometry": {
        "type": "MultiPolygon",
        "coordinates": [
          [
            [
              [
                40276.39367675781,
                212643.9611206055
              ],
              [
                40263.88488769531,
                212652.4171142579
              ],
              [
                40233.26788330078,
                212688.1311035156
              ],
              [
                40179.81732177734,
                212745.1821289063
              ],
              [
                40117.40490722656,
                212805.7332763672
              ],
              [
                40074.65930175781,
                212839.2241210938
              ],
              [
                40005.32250976562,
                212885.4013061523
              ],
              [
                39947.19830322266,
                212928.1369018555
              ],
              [
                39915.49969482404,
                212948.3922729494
              ],
              [
                39915.14831542969,
                212948.638671875
              ],
              [
                39914.81951904304,
                212948.9143066406
              ],
              [
                39914.51531982415,
                212949.2171020509
              ],
              [
                39914.23809814453,
                212949.544921875
              ],
              [
                39913.99029541019,
                212949.895324707
              ],
              [
                39913.77331542969,
                212950.2656860352
              ],
              [
                39913.56872558594,
                212950.7077026367
              ],
              [
                39893.30352783203,
                212958.3375244141
              ],
              [
                39893.3212890625,
                212958.3707275391
              ],
              [
                39893.30356097338,
                212958.3773070361
              ],
              [
                39902.58983666352,
                212975.6535334911
              ],
              [
                39923.98183708216,
                213007.2764506344
              ],
              [
                40409.53136405843,
                212981.5928434496
              ],
              [
                40437.9643999793,
                212951.7112361011
              ],
              [
                40421.97128630225,
                212867.48936746715
              ],
              [
                40399.80371093751,
                212878.0183105469
              ],
              [
                40394.50911327437,
                212880.54797283007
              ],
              [
                40401.46865966473,
                212917.2250381477
              ],
              [
                40371.0863788969,
                212916.27186686502
              ],
              [
                40377.42907714844,
                212934.8291015625
              ],
              [
                40379.16931152343,
                212939.920715332
              ],
              [
                40381.53167724609,
                212946.8319091797
              ],
              [
                40382.12707519531,
                212948.5742797852
              ],
              [
                40379.021484375,
                212948.6928710937
              ],
              [
                40339.03027343749,
                212950.219116211
              ],
              [
                40328.79028320312,
                212950.6096801758
              ],
              [
                40327.16448974609,
                212958.3286743164
              ],
              [
                40326.513671875,
                212961.0681152344
              ],
              [
                40325.82568359375,
                212963.0479125977
              ],
              [
                40324.94171142578,
                212965.2640991211
              ],
              [
                40323.80950927734,
                212967.5023193359
              ],
              [
                40321.16308593749,
                212970.9285278321
              ],
              [
                40319.32067871093,
                212972.8992919922
              ],
              [
                40316.62829589843,
                212975.2990722657
              ],
              [
                40313.49609374999,
                212977.5061035156
              ],
              [
                40308.03247070312,
                212980.2844848633
              ],
              [
                40305.38311767577,
                212981.0654907227
              ],
              [
                40299.45947265625,
                212982.071105957
              ],
              [
                40299.01171875,
                212982.1201171875
              ],
              [
                40296.96868896484,
                212982.3430786133
              ],
              [
                40281.14208984375,
                212983.0769042969
              ],
              [
                40272.39727783203,
                212983.6826782227
              ],
              [
                40270.29388427734,
                212983.8286743164
              ],
              [
                40266.53527832031,
                212984.0891113282
              ],
              [
                40261.18109130859,
                212984.4600830078
              ],
              [
                40230.38909912109,
                212986.186706543
              ],
              [
                40179.54187011718,
                212989.0380859375
              ],
              [
                40162.31188964844,
                212988.5839233399
              ],
              [
                40160.14569091796,
                212988.6846923828
              ],
              [
                40141.08367919922,
                212989.5678710937
              ],
              [
                40095.03912353515,
                212993.8934936523
              ],
              [
                40090.89892578125,
                212994.1215209961
              ],
              [
                40031.51568603516,
                212997.0104980469
              ],
              [
                39982.37829589844,
                212999.6145019531
              ],
              [
                39973.92974195217,
                213000.0620698693
              ],
              [
                39968.8139038086,
                212963.8552856445
              ],
              [
                39968.80731201172,
                212963.8068847656
              ],
              [
                39968.00451660156,
                212958.1273193359
              ],
              [
                39967.37127685547,
                212953.645690918
              ],
              [
                39964.47509765625,
                212948.7019042969
              ],
              [
                39961.59448242188,
                212946.1826782227
              ],
              [
                39957.56091308594,
                212941.2951049805
              ],
              [
                39963.79827880859,
                212923.9290771485
              ],
              [
                39993.43511962891,
                212902.1759033203
              ],
              [
                40018.99127197265,
                212883.4180908203
              ],
              [
                40033.89007568359,
                212874.0270996094
              ],
              [
                40033.93670654297,
                212873.9979248047
              ],
              [
                40034.83728027344,
                212889.8161010742
              ],
              [
                40040.37390136719,
                212886.1284790039
              ],
              [
                40040.42071533203,
                212886.0974731445
              ],
              [
                40039.58190917969,
                212870.4396972656
              ],
              [
                40057.13928222656,
                212859.3729248047
              ],
              [
                40114.84631347656,
                212817.7711181641
              ],
              [
                40142.64031982421,
                212793.2424926758
              ],
              [
                40161.12030029296,
                212774.9396972657
              ],
              [
                40172.37792968749,
                212762.8107299805
              ],
              [
                40211.27032470703,
                212722.4003295899
              ],
              [
                40222.25811767578,
                212709.0111083985
              ],
              [
                40245.49151611328,
                212683.044128418
              ],
              [
                40264.35327148437,
                212662.7987060547
              ],
              [
                40275.22509765625,
                212654.0234985352
              ],
              [
                40284.79211425781,
                212646.3023071289
              ],
              [
                40288.14587402344,
                212645.5410766602
              ],
              [
                40290.09191894531,
                212645.2330932617
              ],
              [
                40292.43432617187,
                212645.0454711914
              ],
              [
                40295.37030029296,
                212645.2186889649
              ],
              [
                40301.92767333984,
                212646.4268798828
              ],
              [
                40318.36712646484,
                212649.4562988281
              ],
              [
                40352.21226127968,
                212657.64200793998
              ],
              [
                40348.56459203391,
                212638.4186569225
              ],
              [
                40305.79168701172,
                212627.3002929687
              ],
              [
                40302.35412597656,
                212626.4066772461
              ],
              [
                40276.39367675781,
                212643.9611206055
              ]
            ]
          ],
          [
            [
              [
                40432.53228759765,
                212861.0393066406
              ],
              [
                40433.91888427734,
                212857.9028930664
              ],
              [
                40434.12188720703,
                212856.0833129883
              ],
              [
                40434.21868896484,
                212843.6533203125
              ],
              [
                40434.21874755381,
                212843.6527132794
              ],
              [
                40434.30249023437,
                212832.8674926758
              ],
              [
                40434.13909912109,
                212795.7990722656
              ],
              [
                40434.13269042969,
                212794.6052856446
              ],
              [
                40433.80670166015,
                212758.0906982422
              ],
              [
                40433.38970947266,
                212726.8994750977
              ],
              [
                40434.14990234374,
                212683.4193115235
              ],
              [
                40434.12231445312,
                212682.9680786133
              ],
              [
                40433.94671630859,
                212680.112121582
              ],
              [
                40433.6616821289,
                212678.8411254883
              ],
              [
                40433.19427946556,
                212678.0883759699
              ],
              [
                40429.9243491075,
                212677.4983817953
              ],
              [
                40419.2866821289,
                212674.3082885742
              ],
              [
                40418.15312115474,
                212674.02228820234
              ],
              [
                40388.72153512346,
                212692.39174530047
              ],
              [
                40421.97128630225,
                212867.48936746715
              ],
              [
                40428.91967773437,
                212864.1890869141
              ],
              [
                40431.51831054688,
                212862.3068847657
              ],
              [
                40432.53228759765,
                212861.0393066406
              ]
            ]
          ],
          [
            [
              [
                40383.57674185111,
                212665.29857808593
              ],
              [
                40418.15312115474,
                212674.02228820234
              ],
              [
                40437.96447652594,
                212661.6572106914
              ],
              [
                40380.02536454348,
                212646.5965517568
              ],
              [
                40383.57674185111,
                212665.29857808593
              ]
            ]
          ],
          [
            [
              [
                40380.02536454348,
                212646.5965517568
              ],
              [
                0.0,
                0.0
              ],
              [
                40348.56459203391,
                212638.4186569225
              ],
              [
                40380.02536454348,
                212646.5965517568
              ]
            ]
          ],
          [
            [
              [
                40053.10620504336,
                212901.86300521917
              ],
              [
                40054.81549072265,
                212901.530090332
              ],
              [
                40075.48229980469,
                212897.9276733399
              ],
              [
                40085.24197198178,
                212895.5556406999
              ],
              [
                40086.91888427734,
                212895.0496826172
              ],
              [
                40096.96087646484,
                212890.8676757813
              ],
              [
                40098.16949462891,
                212890.280090332
              ],
              [
                40100.40307617187,
                212888.9426879883
              ],
              [
                40114.05810546876,
                212880.2958984375
              ],
              [
                40120.5864868164,
                212876.120300293
              ],
              [
                40120.92431640625,
                212875.8732910156
              ],
              [
                40121.48571777343,
                212875.5690917969
              ],
              [
                40126.06152343749,
                212872.6348876953
              ],
              [
                40129.4033203125,
                212870.26171875
              ],
              [
                40137.71173946656,
                212864.7073991295
              ],
              [
                40141.56337873917,
                212862.180151095
              ],
              [
                40147.46350097656,
                212859.0828857422
              ],
              [
                40150.88429802768,
                212857.562880978
              ],
              [
                40156.63969930457,
                212857.203708855
              ],
              [
                40159.94126584942,
                212857.7318053135
              ],
              [
                40160.64752197265,
                212868.0343017578
              ],
              [
                40162.63189697266,
                212896.9912719727
              ],
              [
                40162.60528564453,
                212902.5942993164
              ],
              [
                40162.817192088994,
                212909.73792000802
              ],
              [
                40265.27382125775,
                212912.95225132795
              ],
              [
                40262.43872070312,
                212868.7075195313
              ],
              [
                40258.63189697266,
                212809.295288086
              ],
              [
                40256.4318319222,
                212774.9591619832
              ],
              [
                40053.10620504336,
                212901.86300521917
              ]
            ]
          ],
          [
            [
              [
                40048.62739330262,
                212902.7353363475
              ],
              [
                40041.43427350887,
                212905.929821693
              ],
              [
                40046.343575105086,
                212906.08383927104
              ],
              [
                40053.10620504336,
                212901.86300521917
              ],
              [
                40048.62739330262,
                212902.7353363475
              ]
            ]
          ],
          [
            [
              [
                40037.78467029362,
                212911.4258019697
              ],
              [
                40036.92309570312,
                212915.3978881836
              ],
              [
                40035.35579338789,
                212931.3373008829
              ],
              [
                40035.58011119955,
                212937.3853062678
              ],
              [
                40036.73272705078,
                212941.946105957
              ],
              [
                40039.29456908002,
                212948.321383341
              ],
              [
                40042.50638976138,
                212952.565616173
              ],
              [
                40046.06188964843,
                212954.478515625
              ],
              [
                40051.26057263949,
                212955.9232163412
              ],
              [
                40057.73028564453,
                212956.6176757812
              ],
              [
                40064.07989501953,
                212956.6480712891
              ],
              [
                40071.32830810546,
                212956.0678710937
              ],
              [
                40087.58947753906,
                212954.3007202149
              ],
              [
                40127.53887939453,
                212948.8574829101
              ],
              [
                40149.7958984375,
                212946.7786865234
              ],
              [
                40150.56689453125,
                212946.780090332
              ],
              [
                40153.81909179687,
                212947.0789184571
              ],
              [
                40154.75268554687,
                212947.3131103516
              ],
              [
                40155.66333007813,
                212947.727722168
              ],
              [
                40156.66632080078,
                212948.2614746094
              ],
              [
                40157.57751464843,
                212948.8406982422
              ],
              [
                40158.00750732422,
                212949.144897461
              ],
              [
                40158.81512451172,
                212949.8062744141
              ],
              [
                40159.66650390625,
                212950.7554931641
              ],
              [
                40159.86791992188,
                212951.1268920898
              ],
              [
                40160.03527832031,
                212951.5499267578
              ],
              [
                40160.93249511718,
                212954.2844848633
              ],
              [
                40162.20812988281,
                212967.2523193359
              ],
              [
                40162.74688720703,
                212971.3900756836
              ],
              [
                40163.19285972884,
                212974.8167882588
              ],
              [
                40166.61842176705,
                212981.1902066346
              ],
              [
                40171.92130487417,
                212984.5322725929
              ],
              [
                40176.01125866558,
                212985.3092686855
              ],
              [
                40178.28527832031,
                212985.263671875
              ],
              [
                40182.27171277649,
                212985.2816738369
              ],
              [
                40185.5584235705,
                212984.5494609555
              ],
              [
                40193.27901203445,
                212981.9385450714
              ],
              [
                40199.9194946289,
                212979.0333251953
              ],
              [
                40204.80889892578,
                212976.8944702149
              ],
              [
                40219.68811035156,
                212970.1666870117
              ],
              [
                40245.21472167968,
                212957.3256835938
              ],
              [
                40261.35107421874,
                212949.6881103516
              ],
              [
                40265.03070068359,
                212947.9901123047
              ],
              [
                40269.80291748047,
                212945.787902832
              ],
              [
                40273.43829345703,
                212944.1099243164
              ],
              [
                40277.63110351562,
                212942.1751098633
              ],
              [
                40282.79907226562,
                212939.7744750977
              ],
              [
                40302.09210205078,
                212930.8115234375
              ],
              [
                40324.32312011718,
                212919.7279052735
              ],
              [
                40334.22119154748,
                212915.11530991722
              ],
              [
                40322.701691291775,
                212914.75391319
              ],
              [
                40317.46130371093,
                212917.2415161133
              ],
              [
                40308.71569824219,
                212921.3933105469
              ],
              [
                40298.37268066406,
                212926.1290893555
              ],
              [
                40293.11212158203,
                212928.7905273438
              ],
              [
                40276.85870361328,
                212936.3095092774
              ],
              [
                40276.75311279296,
                212935.1862792969
              ],
              [
                40276.13610839844,
                212924.1694946289
              ],
              [
                40275.52627329636,
                212913.2738974524
              ],
              [
                40265.27382125775,
                212912.95225132795
              ],
              [
                40266.24572753906,
                212928.1198730469
              ],
              [
                40266.82269287109,
                212937.1231079101
              ],
              [
                40266.95867919921,
                212940.8892822266
              ],
              [
                40266.96649169921,
                212941.1066894531
              ],
              [
                40265.81970214843,
                212941.6735229492
              ],
              [
                40249.28887939453,
                212949.839477539
              ],
              [
                40215.32171630859,
                212965.6403198243
              ],
              [
                40211.17841159303,
                212967.5681007482
              ],
              [
                40201.31091308593,
                212971.9664916992
              ],
              [
                40188.11047363281,
                212978.4246826172
              ],
              [
                40187.17388916015,
                212978.7661132812
              ],
              [
                40185.62988281249,
                212979.1879272461
              ],
              [
                40184.13751220703,
                212979.5070800781
              ],
              [
                40183.17108154296,
                212979.6505126953
              ],
              [
                40182.22448730468,
                212979.7908935547
              ],
              [
                40180.42407226563,
                212980.0148925781
              ],
              [
                40179.00567626953,
                212980.114074707
              ],
              [
                40177.82092285156,
                212980.0025024414
              ],
              [
                40175.93212890624,
                212979.3848876953
              ],
              [
                40175.27111816406,
                212979.1309204102
              ],
              [
                40172.41448974609,
                212977.5213012695
              ],
              [
                40171.31848144531,
                212976.6057128906
              ],
              [
                40169.86151123046,
                212974.6895141602
              ],
              [
                40167.91147209573,
                212970.5820336289
              ],
              [
                40167.51751708984,
                212969.3134765625
              ],
              [
                40167.45111083984,
                212969.0435180664
              ],
              [
                40166.90472412109,
                212965.7938842774
              ],
              [
                40165.328125,
                212947.0548706055
              ],
              [
                40163.95788574218,
                212928.0969238282
              ],
              [
                40162.86248779296,
                212911.2648925781
              ],
              [
                40162.817192088994,
                212909.73792000802
              ],
              [
                40046.343575105086,
                212906.08383927104
              ],
              [
                40037.78467029362,
                212911.4258019697
              ]
            ]
          ],
          [
            [
              [
                40355.89031982421,
                212898.9993286133
              ],
              [
                40394.50911327437,
                212880.54797283007
              ],
              [
                40361.97387217135,
                212709.08605618644
              ],
              [
                40267.39726814831,
                212768.11518456033
              ],
              [
                40269.07690429688,
                212798.1087036133
              ],
              [
                40271.75567626953,
                212845.9478759766
              ],
              [
                40274.43487548828,
                212893.7874755859
              ],
              [
                40275.35131835938,
                212910.1480712891
              ],
              [
                40275.52627329636,
                212913.2738974524
              ],
              [
                40322.701691291775,
                212914.75391319
              ],
              [
                40355.89031982421,
                212898.9993286133
              ]
            ]
          ],
          [
            [
              [
                40266.39788818359,
                212750.2691040039
              ],
              [
                40254.82507324219,
                212749.8826904297
              ],
              [
                40256.4318319222,
                212774.9591619832
              ],
              [
                40267.39726814831,
                212768.11518456033
              ],
              [
                40266.39788818359,
                212750.2691040039
              ]
            ]
          ],
          [
            [
              [
                40383.57674185111,
                212665.29857808593
              ],
              [
                40376.79571533203,
                212663.5877075195
              ],
              [
                40352.21226127968,
                212657.64200793998
              ],
              [
                40361.97387217135,
                212709.08605618644
              ],
              [
                40388.72153512346,
                212692.39174530047
              ],
              [
                40383.57674185111,
                212665.29857808593
              ]
            ]
          ],
          [
            [
              [
                40341.23907470703,
                212911.844909668
              ],
              [
                40334.22119154748,
                212915.11530991722
              ],
              [
                40371.0863788969,
                212916.27186686502
              ],
              [
                40365.63092041015,
                212900.3104858398
              ],
              [
                40360.08050537109,
                212903.0322875977
              ],
              [
                40354.55133056641,
                212905.6243286133
              ],
              [
                40350.48272705078,
                212907.5314941406
              ],
              [
                40348.57208251953,
                212908.4271240234
              ],
              [
                40341.23907470703,
                212911.844909668
              ]
            ]
          ]
        ]
      }
    },
    {
      "type": "Feature",
      "properties": {
        "layer": "YD-E1"
      },
      "geometry": {
        "type": "MultiPolygon",
        "coordinates": [
          [
            [
              [
                40230.19362736854,
                212551.5270927944
              ],
              [
                40230.06567382812,
                212555.4733276367
              ],
              [
                40230.06451416016,
                212555.5131225586
              ],
              [
                40229.1694946289,
                212567.7901000976
              ],
              [
                40227.59008789062,
                212579.7736816406
              ],
              [
                40226.45050048827,
                212584.9555053711
              ],
              [
                40225.46630859375,
                212588.477722168
              ],
              [
                40222.75451660156,
                212596.0139160156
              ],
              [
                40219.27368164062,
                212603.2943115235
              ],
              [
                40215.31170654297,
                212609.8405151367
              ],
              [
                40211.85369873046,
                212614.5942993164
              ],
              [
                40209.64532470703,
                212617.1063232422
              ],
              [
                40209.1884765625,
                212619.9996948242
              ],
              [
                40179.55511474609,
                212661.2749023438
              ],
              [
                40129.81329345703,
                212724.7749023438
              ],
              [
                40061.02148437499,
                212782.9832763672
              ],
              [
                39993.2880859375,
                212829.5501098633
              ],
              [
                39895.92108154297,
                212897.2836914063
              ],
              [
                39829.24609375,
                212927.9752807617
              ],
              [
                39816.0712890625,
                212927.8065185547
              ],
              [
                39746.69592285156,
                212926.9171142578
              ],
              [
                39743.06321279222,
                212927.408013371
              ],
              [
                39753.26144461514,
                212988.4820369205
              ],
              [
                39815.48767089844,
                212973.4440917969
              ],
              [
                39870.71350097656,
                212966.7902832031
              ],
              [
                39881.3720703125,
                212962.8021240234
              ],
              [
                39893.58050537109,
                212979.5883178711
              ],
              [
                39895.34112548828,
                212982.0090942383
              ],
              [
                39895.56671142578,
                212982.8508911133
              ],
              [
                39895.93511962891,
                212983.6406860352
              ],
              [
                39896.12390136719,
                212983.9423217774
              ],
              [
                39912.32580115096,
                213007.8930078167
              ],
              [
                39923.98183708215,
                213007.2764506344
              ],
              [
                39904.40667724609,
                212978.3392944336
              ],
              [
                39904.09552001953,
                212977.9268798828
              ],
              [
                39903.47912597656,
                212977.3104858398
              ],
              [
                39902.85729980469,
                212976.1511230469
              ],
              [
                39902.83953038981,
                212976.1578133874
              ],
              [
                39893.28575210061,
                212958.344175334
              ],
              [
                39913.4989688307,
                212950.7339659684
              ],
              [
                39914.20901599026,
                212949.5219923639
              ],
              [
                39915.0647646466,
                212948.6701927884
              ],
              [
                39947.19830322266,
                212928.1369018555
              ],
              [
                40005.32250976562,
                212885.4013061523
              ],
              [
                40074.65930175781,
                212839.2241210938
              ],
              [
                40117.40490722656,
                212805.7332763672
              ],
              [
                40179.81732177734,
                212745.1821289063
              ],
              [
                40233.26788330078,
                212688.1311035156
              ],
              [
                40263.88488769531,
                212652.4171142579
              ],
              [
                40276.39367675781,
                212643.9611206055
              ],
              [
                40258.77272055444,
                212550.92920826774
              ],
              [
                40230.19362736854,
                212551.5270927944
              ]
            ]
          ],
          [
            [
              [
                40302.35412597656,
                212626.4066772461
              ],
              [
                40305.79168701172,
                212627.3002929687
              ],
              [
                40437.96447652594,
                212661.6572106914
              ],
              [
                40437.96448599988,
                212625.7581145527
              ],
              [
                40384.30572509765,
                212613.3580932617
              ],
              [
                40381.51507568359,
                212613.745300293
              ],
              [
                40378.70227050781,
                212613.903503418
              ],
              [
                40375.88592529297,
                212613.8314819336
              ],
              [
                40373.08489990234,
                212613.5302734375
              ],
              [
                40370.31787109374,
                212613.0012817383
              ],
              [
                40347.11511230469,
                212607.1975097656
              ],
              [
                40323.34832763671,
                212601.2526855469
              ],
              [
                40319.6284790039,
                212598.961303711
              ],
              [
                40315.83709199651,
                212596.151074153
              ],
              [
                40312.84387207031,
                212593.5068969727
              ],
              [
                40309.82910156249,
                212590.344909668
              ],
              [
                40307.09613037109,
                212586.9360961914
              ],
              [
                40304.66491699218,
                212583.3060913086
              ],
              [
                40302.55352783203,
                212579.4810791016
              ],
              [
                40300.77752685547,
                212575.4895019531
              ],
              [
                40299.34930419922,
                212571.3604736328
              ],
              [
                40298.2802734375,
                212567.1243286133
              ],
              [
                40297.57751464844,
                212562.8123168946
              ],
              [
                40297.57629394531,
                212562.8259277344
              ],
              [
                40297.57444462686,
                212562.8130385452
              ],
              [
                40297.57427978515,
                212562.8118896484
              ],
              [
                40297.24315420974,
                212558.4537690611
              ],
              [
                40297.28631591797,
                212554.0856933594
              ],
              [
                40296.67041007312,
                212550.1363754787
              ],
              [
                40258.77500819936,
                212550.92916040943
              ],
              [
                40276.39527830488,
                212643.9574451057
              ],
              [
                40276.3950805664,
                212643.9578857422
              ],
              [
                40276.39367675781,
                212643.9611206055
              ],
              [
                40302.35412597656,
                212626.4066772461
              ]
            ]
          ],
          [
            [
              [
                0.0,
                0.0
              ],
              [
                40258.77272055444,
                212550.92920826774
              ],
              [
                40258.77500819936,
                212550.92916040943
              ],
              [
                0.0,
                0.0
              ]
            ]
          ]
        ]
      }
    },
    {
      "type": "Feature",
      "properties": {
        "layer": "YD-G2"
      },
      "geometry": {
        "type": "MultiPolygon",
        "coordinates": [
          [
            [
              [
                39801.98744802006,
                212976.7066327371
              ],
              [
                0.0,
                0.0
              ],
              [
                39801.288725989136,
                212976.87548989244
              ],
              [
                39801.98744802006,
                212976.7066327371
              ]
            ]
          ],
          [
            [
              [
                39753.45331579335,
                212989.6305945813
              ],
              [
                39783.04364539821,
                212984.6895570749
              ],
              [
                39808.11544875382,
                213013.4053141971
              ],
              [
                39801.288725989136,
                212976.87548989244
              ],
              [
                39753.2615233666,
                212988.482017889
              ],
              [
                39753.45331579335,
                212989.6305945813
              ]
            ]
          ]
        ]
      }
    },
    {
      "type": "Feature",
      "properties": {
        "layer": "YD-G2"
      },
      "geometry": {
        "type": "MultiPolygon",
        "coordinates": [
          [
            [
              [
                39727.67754975198,
                212562.0400021309
              ],
              [
                0.0,
                0.0
              ],
              [
                39721.39902423153,
                212562.17135196656
              ],
              [
                39727.67754975198,
                212562.0400021309
              ]
            ]
          ],
          [
            [
              [
                39706.58044711373,
                212587.4867906773
              ],
              [
                39731.95930000022,
                212891.2663999999
              ],
              [
                39741.81120000018,
                212919.9101
              ],
              [
                39743.06321279222,
                212927.408013371
              ],
              [
                39746.69592285156,
                212926.9171142578
              ],
              [
                39793.77430192439,
                212927.52066729
              ],
              [
                39790.44405204663,
                212907.5768414395
              ],
              [
                39780.59216912394,
                212878.9331910903
              ],
              [
                39721.39902423153,
                212562.17135196656
              ],
              [
                39706.05755377693,
                212562.4923030587
              ],
              [
                39706.58044711373,
                212587.4867906773
              ]
            ]
          ]
        ]
      }
    },
    {
      "type": "Feature",
      "properties": {
        "layer": "YD-A33"
      },
      "geometry": {
        "type": "MultiPolygon",
        "coordinates": [
          [
            [
              [
                39836.05933462961,
                212559.7726176577
              ],
              [
                0.0,
                0.0
              ],
              [
                39727.67754975198,
                212562.0400021309
              ],
              [
                39836.05933462961,
                212559.7726176577
              ]
            ]
          ],
          [
            [
              [
                39920.99810791016,
                212697.9061279297
              ],
              [
                39933.53869628906,
                212718.0349121094
              ],
              [
                39929.19049072266,
                212721.2166748047
              ],
              [
                39925.36810302734,
                212723.8436889649
              ],
              [
                39939.6533203125,
                212746.1362915039
              ],
              [
                39935.83251953125,
                212748.446105957
              ],
              [
                39932.75811767578,
                212749.3082885742
              ],
              [
                39906.23327636719,
                212708.4370727539
              ],
              [
                39780.59216912394,
                212878.9331910904
              ],
              [
                39783.82132667855,
                212888.3217374872
              ],
              [
                39943.30667336775,
                212797.4488677225
              ],
              [
                40153.18601168327,
                212603.2575670741
              ],
              [
                40174.70781086589,
                212552.6879742578
              ],
              [
                40035.02393305995,
                212555.6102093553
              ],
              [
                39836.05933462961,
                212559.7726176577
              ],
              [
                39860.29990678631,
                212689.1170004057
              ],
              [
                39920.99810791016,
                212697.9061279297
              ]
            ]
          ]
        ]
      }
    },
    {
      "type": "Feature",
      "properties": {
        "layer": "YD-E2"
      },
      "geometry": {
        "type": "Polygon",
        "coordinates": [
          [
            [
              0.0,
              0.0
            ],
            [
              39933.53869628906,
              212718.0349121094
            ],
            [
              39929.19049072266,
              212721.2166748047
            ],
            [
              39925.36810302734,
              212723.8436889649
            ],
            [
              39939.6533203125,
              212746.1362915039
            ],
            [
              39935.83251953125,
              212748.446105957
            ],
            [
              39932.75811767578,
              212749.3082885742
            ],
            [
              39906.23327636719,
              212708.4370727539
            ],
            [
              39920.99810791016,
              212697.9061279297
            ],
            [
              0.0,
              0.0
            ]
          ]
        ]
      }
    },
    {
      "type": "Feature",
      "properties": {
        "layer": "YD-E2"
      },
      "geometry": {
        "type": "Polygon",
        "coordinates": [
          [
            [
              0.0,
              0.0
            ],
            [
              40049.08349609375,
              212777.9263305664
            ],
            [
              40035.30487060547,
              212787.7813110352
            ],
            [
              40033.30548095703,
              212789.1749267578
            ],
            [
              40028.39602827737,
              212781.1445673284
            ],
            [
              40025.68292236328,
              212783.0097045899
            ],
            [
              40030.75920123173,
              212790.9499541888
            ],
            [
              40017.47387695313,
              212800.2106933594
            ],
            [
              40012.6879272461,
              212803.546875
            ],
            [
              39999.09887695313,
              212813.8261108398
            ],
            [
              39997.54309082031,
              212815.0026855469
            ],
            [
              39996.76049804687,
              212812.3479003907
            ],
            [
              39992.63286007954,
              212805.7322782385
            ],
            [
              39981.91510009766,
              212813.1008911133
            ],
            [
              39978.54431152344,
              212815.4456787109
            ],
            [
              39982.31652832032,
              212821.6492919922
            ],
            [
              39983.21612548828,
              212823.6998901368
            ],
            [
              39983.22088623047,
              212823.7108764649
            ],
            [
              39984.9296875,
              212824.5184936524
            ],
            [
              39980.25109863281,
              212827.8992919922
            ],
            [
              39957.36853027344,
              212794.1400756836
            ],
            [
              39962.08288574219,
              212789.5853271485
            ],
            [
              39971.64508056641,
              212783.5415039063
            ],
            [
              39975.50451660156,
              212783.3386840821
            ],
            [
              39977.52008056641,
              212782.2899169922
            ],
            [
              39979.00708007813,
              212781.1267089844
            ],
            [
              39997.19732666016,
              212766.895690918
            ],
            [
              40009.29772949218,
              212757.4293212891
            ],
            [
              40012.38732910156,
              212755.012084961
            ],
            [
              40020.54211425781,
              212748.6318969727
            ],
            [
              40021.18072509765,
              212747.8942871094
            ],
            [
              40025.93188476562,
              212745.1875
            ],
            [
              40026.96588134766,
              212746.8522949219
            ],
            [
              0.0,
              0.0
            ]
          ]
        ]
      }
    },
    {
      "type": "Feature",
      "properties": {
        "layer": "YD-G1"
      },
      "geometry": {
        "type": "MultiPolygon",
        "coordinates": [
          [
            [
              [
                39815.17372905056,
                212973.51996077632
              ],
              [
                0.0,
                0.0
              ],
              [
                39801.98744802006,
                212976.7066327371
              ],
              [
                39815.17372905056,
                212973.51996077632
              ]
            ]
          ],
          [
            [
              [
                39853.12148758038,
                212994.5036314702
              ],
              [
                39851.37310791016,
                212997.4888916016
              ],
              [
                39850.96667480469,
                212999.5507202149
              ],
              [
                39851.04052734375,
                213000.662109375
              ],
              [
                39850.84167480469,
                213001.5961303711
              ],
              [
                39849.57312011719,
                213007.5562744141
              ],
              [
                39808.11544875382,
                213013.4053141971
              ],
              [
                39912.32580115096,
                213007.8930078167
              ],
              [
                39895.68553818023,
                212983.294305236
              ],
              [
                39895.34113311785,
                212982.0091227088
              ],
              [
                39881.3720703125,
                212962.8021240234
              ],
              [
                39870.71350097656,
                212966.7902832031
              ],
              [
                39815.48767089844,
                212973.4440917969
              ],
              [
                39815.17372905056,
                212973.51996077632
              ],
              [
                39818.19295568535,
                212989.6699675136
              ],
              [
                39862.42146143131,
                212979.0946470947
              ],
              [
                39866.2783203125,
                212982.4326782227
              ],
              [
                39869.02667236328,
                212984.811706543
              ],
              [
                39870.77191162109,
                212985.1110839844
              ],
              [
                39873.48889160156,
                212984.1550903321
              ],
              [
                39874.5048828125,
                212984.9865112305
              ],
              [
                39875.78588867187,
                212984.7929077149
              ],
              [
                39878.16088867188,
                212983.7141113281
              ],
              [
                39879.96082663938,
                212981.9401762626
              ],
              [
                39883.09088134766,
                212984.6373291016
              ],
              [
                39884.80310058594,
                212986.112487793
              ],
              [
                39886.7553100586,
                212983.8740844727
              ],
              [
                39887.97747802735,
                212984.9805297852
              ],
              [
                39886.05090332031,
                212987.1875
              ],
              [
                39898.94427490234,
                212998.2966918945
              ],
              [
                39905.14672851563,
                213003.6405029297
              ],
              [
                39898.31610107422,
                213003.9733276367
              ],
              [
                39892.29309082031,
                213004.3541259766
              ],
              [
                39868.96612548828,
                213006.3175048828
              ],
              [
                39857.71887207032,
                213007.0360717773
              ],
              [
                39858.49880782714,
                213001.17501934
              ],
              [
                39858.90289306641,
                212999.6680908203
              ],
              [
                39858.99930729199,
                212998.7063448245
              ],
              [
                39857.97650146484,
                212994.2662963868
              ],
              [
                39857.66870117187,
                212992.2807006836
              ],
              [
                39856.49530029296,
                212988.703491211
              ],
              [
                39854.19689941407,
                212981.629272461
              ],
              [
                39848.28592101158,
                212986.71802048828
              ],
              [
                39848.65869140625,
                212989.6323242188
              ],
              [
                39851.51550292969,
                212989.2880859375
              ],
              [
                39853.12148758038,
                212994.5036314702
              ]
            ]
          ],
          [
            [
              [
                39842.46472167969,
                212985.4240722656
              ],
              [
                39840.38751220703,
                212986.1506958008
              ],
              [
                39837.6584321302,
                212986.9914526512
              ],
              [
                39834.76727294922,
                212988.8189086914
              ],
              [
                39832.72247314453,
                212990.0684814453
              ],
              [
                39828.88647460938,
                212993.2885131836
              ],
              [
                39824.72608707972,
                212997.788447166
              ],
              [
                39822.55379121289,
                213002.0611410039
              ],
              [
                39821.7005118988,
                213006.2958569882
              ],
              [
                39822.03790283204,
                213009.3148803711
              ],
              [
                39848.28592101158,
                212986.71802048828
              ],
              [
                39848.21008300782,
                212986.1251220703
              ],
              [
                39847.87832410162,
                212983.5297499719
              ],
              [
                39842.46472167969,
                212985.4240722656
              ]
            ]
          ]
        ]
      }
    },
    {
      "type": "Feature",
      "properties": {
        "layer": "YD-E2"
      },
      "geometry": {
        "type": "Polygon",
        "coordinates": [
          [
            [
              0.0,
              0.0
            ],
            [
              39854.19689941407,
              212981.629272461
            ],
            [
              39856.49530029296,
              212988.703491211
            ],
            [
              39857.66870117187,
              212992.2807006836
            ],
            [
              39857.97650146484,
              212994.2662963868
            ],
            [
              39858.28771972657,
              212995.6173095703
            ],
            [
              39858.83752441406,
              212996.8107299805
            ],
            [
              39859.06988525391,
              212998.0023193359
            ],
            [
              39858.90289306641,
              212999.6680908203
            ],
            [
              39858.49880782714,
              213001.17501934
            ],
            [
              39857.71887207032,
              213007.0360717773
            ],
            [
              39868.96612548828,
              213006.3175048828
            ],
            [
              39892.29309082031,
              213004.3541259766
            ],
            [
              39898.31610107422,
              213003.9733276367
            ],
            [
              39905.14672851563,
              213003.6405029297
            ],
            [
              39898.94427490234,
              212998.2966918945
            ],
            [
              39886.05090332031,
              212987.1875
            ],
            [
              39887.97747802735,
              212984.9805297852
            ],
            [
              39886.7553100586,
              212983.8740844727
            ],
            [
              39884.80310058594,
              212986.112487793
            ],
            [
              39883.09088134766,
              212984.6373291016
            ],
            [
              39879.96082663938,
              212981.9401762626
            ],
            [
              39878.16088867188,
              212983.7141113281
            ],
            [
              39875.78588867187,
              212984.7929077149
            ],
            [
              39874.5048828125,
              212984.9865112305
            ],
            [
              39873.48889160156,
              212984.1550903321
            ],
            [
              39870.77191162109,
              212985.1110839844
            ],
            [
              39869.02667236328,
              212984.811706543
            ],
            [
              39866.2783203125,
              212982.4326782227
            ],
            [
              39863.52331542969,
              212980.0482788086
            ],
            [
              39862.42142864197,
              212979.0946571997
            ],
            [
              0.0,
              0.0
            ]
          ]
        ]
      }
    },
    {
      "type": "Feature",
      "properties": {
        "layer": "YD-E2"
      },
      "geometry": {
        "type": "Polygon",
        "coordinates": [
          [
            [
              0.0,
              0.0
            ],
            [
              39832.72247314453,
              212990.0684814453
            ],
            [
              39828.88647460938,
              212993.2885131836
            ],
            [
              39826.53149414063,
              212995.8356933594
            ],
            [
              39825.57208251953,
              212997.0314941406
            ],
            [
              39823.97491455078,
              212999.2659301758
            ],
            [
              39823.37927246094,
              213000.4375
            ],
            [
              39822.39349365234,
              213002.8580932617
            ],
            [
              39822.25408935547,
              213003.5485229492
            ],
            [
              39822.03051757813,
              213004.6580810547
            ],
            [
              39821.81072998047,
              213007.2821044922
            ],
            [
              39822.03790283204,
              213009.3148803711
            ],
            [
              39849.57312011719,
              213007.5562744141
            ],
            [
              39850.84167480469,
              213001.5961303711
            ],
            [
              39851.04052734375,
              213000.662109375
            ],
            [
              39850.96667480469,
              212999.5507202149
            ],
            [
              39851.37310791016,
              212997.4888916016
            ],
            [
              39852.25372314453,
              212995.9852905273
            ],
            [
              39852.73529052734,
              212994.8760986328
            ],
            [
              39852.82092285157,
              212993.5275268555
            ],
            [
              39851.51550292969,
              212989.2880859375
            ],
            [
              39848.65869140625,
              212989.6323242188
            ],
            [
              39848.21008300782,
              212986.1251220703
            ],
            [
              39847.8840937165,
              212983.5748860548
            ],
            [
              39846.75927734375,
              212983.9213256836
            ],
            [
              39842.46472167969,
              212985.4240722656
            ],
            [
              39840.38751220703,
              212986.1506958008
            ],
            [
              39837.94787597656,
              212986.9022827149
            ],
            [
              39836.87811279297,
              212987.4846801758
            ],
            [
              39834.76727294922,
              212988.8189086914
            ],
            [
              0.0,
              0.0
            ]
          ]
        ]
      }
    },
    {
      "type": "Feature",
      "properties": {
        "layer": "YD-G2"
      },
      "geometry": {
        "type": "Polygon",
        "coordinates": [
          [
            [
              0.0,
              0.0
            ],
            [
              41054.12496086791,
              212937.4824939285
            ],
            [
              41053.78296166154,
              212947.5146447801
            ],
            [
              40970.53701191247,
              212951.9180059826
            ],
            [
              40950.03681833089,
              212942.9885311004
            ],
            [
              41036.49889191872,
              212942.4507870117
            ],
            [
              0.0,
              0.0
            ]
          ]
        ]
      }
    },
    {
      "type": "Feature",
      "properties": {
        "layer": "YD-G1"
      },
      "geometry": {
        "type": "MultiPolygon",
        "coordinates": [
          [
            [
              [
                39946.05583409417,
                212795.5486135856
              ],
              [
                39940.56387860139,
                212799.3582988837
              ],
              [
                39783.82132667855,
                212888.3217374872
              ],
              [
                39790.44405204663,
                212907.5768414395
              ],
              [
                39793.77430192439,
                212927.52066729
              ],
              [
                39816.0712890625,
                212927.8065185547
              ],
              [
                39829.24609375,
                212927.9752807617
              ],
              [
                39895.92108154297,
                212897.2836914063
              ],
              [
                39993.28808593751,
                212829.5501098633
              ],
              [
                40061.02148437499,
                212782.9832763672
              ],
              [
                40129.81329345703,
                212724.7749023438
              ],
              [
                40123.6000237098,
                212691.83888047095
              ],
              [
                40035.88931795302,
                212739.7485173354
              ],
              [
                40084.41038683427,
                212701.121820376
              ],
              [
                40080.298041951435,
                212679.30036007633
              ],
              [
                40037.79627782157,
                212723.6417358047
              ],
              [
                39946.05583409417,
                212795.5486135856
              ]
            ],
            [
              [
                40026.96588134766,
                212746.8522949219
              ],
              [
                40049.08349609375,
                212777.9263305664
              ],
              [
                40035.30487060547,
                212787.7813110352
              ],
              [
                40033.30548095703,
                212789.1749267578
              ],
              [
                40028.39602827737,
                212781.1445673284
              ],
              [
                40025.68292236328,
                212783.0097045899
              ],
              [
                40030.75920123173,
                212790.9499541888
              ],
              [
                40017.47387695313,
                212800.2106933594
              ],
              [
                40012.6879272461,
                212803.546875
              ],
              [
                39999.09887695313,
                212813.8261108398
              ],
              [
                39997.54309082031,
                212815.0026855469
              ],
              [
                39996.76049804687,
                212812.3479003907
              ],
              [
                39992.63286007954,
                212805.7322782385
              ],
              [
                39981.91510009766,
                212813.1008911133
              ],
              [
                39978.54431152344,
                212815.4456787109
              ],
              [
                39982.31652832032,
                212821.6492919922
              ],
              [
                39983.2209606112,
                212823.7109116188
              ],
              [
                39984.9296875,
                212824.5184936524
              ],
              [
                39980.25109863281,
                212827.8992919922
              ],
              [
                39957.36853027344,
                212794.1400756836
              ],
              [
                39962.08288574219,
                212789.5853271485
              ],
              [
                39971.64508056641,
                212783.5415039063
              ],
              [
                39975.50451660156,
                212783.3386840821
              ],
              [
                39977.52008056641,
                212782.2899169922
              ],
              [
                39979.00708007813,
                212781.1267089844
              ],
              [
                39997.19732666016,
                212766.895690918
              ],
              [
                40009.29772949218,
                212757.4293212891
              ],
              [
                40012.38732910156,
                212755.012084961
              ],
              [
                40020.54211425781,
                212748.6318969727
              ],
              [
                40021.18072509765,
                212747.8942871094
              ],
              [
                40025.93188476562,
                212745.1875
              ],
              [
                40035.88931795302,
                212739.7485173354
              ],
              [
                40026.96588134766,
                212746.8522949219
              ]
            ]
          ],
          [
            [
              [
                40179.55511474609,
                212661.2749023438
              ],
              [
                40209.1884765625,
                212619.9996948242
              ],
              [
                40209.64532470703,
                212617.1063232422
              ],
              [
                40211.85369873046,
                212614.5942993164
              ],
              [
                40215.31170654297,
                212609.8405151367
              ],
              [
                40219.27368164062,
                212603.2943115235
              ],
              [
                40222.75451660156,
                212596.0139160156
              ],
              [
                40225.46630859375,
                212588.477722168
              ],
              [
                40226.45050048827,
                212584.9555053711
              ],
              [
                40227.59008789062,
                212579.7736816406
              ],
              [
                40229.1694946289,
                212567.7901000976
              ],
              [
                40230.0642788538,
                212555.5163502543
              ],
              [
                40230.19362736854,
                212551.5270927944
              ],
              [
                40174.70782323256,
                212552.6878750321
              ],
              [
                40153.18601168327,
                212603.2575670741
              ],
              [
                40114.502776475856,
                212643.61513579712
              ],
              [
                40123.6000237098,
                212691.83888047095
              ],
              [
                40179.55511474609,
                212661.2749023438
              ]
            ]
          ],
          [
            [
              [
                0.0,
                0.0
              ],
              [
                40080.298041951435,
                212679.30036007633
              ],
              [
                40114.502776475856,
                212643.61513579712
              ],
              [
                0.0,
                0.0
              ]
            ]
          ]
        ]
      }
    },
    {
      "type": "Feature",
      "properties": {
        "layer": "YD-B1B2"
      },
      "geometry": {
        "type": "MultiPolygon",
        "coordinates": [
          [
            [
              [
                40317.36627197264,
                212559.7322998046
              ],
              [
                40317.46037209571,
                212560.8028430681
              ],
              [
                40317.45172119141,
                212560.385925293
              ],
              [
                40317.88208007812,
                212563.0217285156
              ],
              [
                40318.53131103515,
                212565.5944824219
              ],
              [
                40319.39868164062,
                212568.1022949219
              ],
              [
                40320.47772216796,
                212570.5270996094
              ],
              [
                40321.75988769531,
                212572.8499145508
              ],
              [
                40323.23651123046,
                212575.0546875
              ],
              [
                40324.896484375,
                212577.1251220703
              ],
              [
                40326.72729492187,
                212579.045288086
              ],
              [
                40328.71667480469,
                212580.8026733398
              ],
              [
                40331.02587890625,
                212582.4921264649
              ],
              [
                40351.9683227539,
                212587.795288086
              ],
              [
                40374.62567138671,
                212593.4627075196
              ],
              [
                40376.03692626952,
                212593.7324829102
              ],
              [
                40377.21307373047,
                212593.8588867188
              ],
              [
                40378.39587402343,
                212593.8890991211
              ],
              [
                40379.57592773437,
                212593.8228759766
              ],
              [
                40381.55712890625,
                212593.5479125977
              ],
              [
                40383.98168945312,
                212593.3609008789
              ],
              [
                40386.41088867187,
                212593.4692993164
              ],
              [
                40388.80889892578,
                212593.8717041016
              ],
              [
                40427.96447753906,
                212602.9201727728
              ],
              [
                40422.6570105393,
                212575.0092206026
              ],
              [
                40409.73060740926,
                212580.6112833489
              ],
              [
                40405.4065146966,
                212557.86383469516
              ],
              [
                40317.36468708166,
                212559.7056979545
              ],
              [
                40317.36627197264,
                212559.7322998046
              ]
            ]
          ],
          [
            [
              [
                40427.96447753913,
                212572.7090630988
              ],
              [
                40420.90497731888,
                212565.79561354342
              ],
              [
                40422.6570105393,
                212575.0092206026
              ],
              [
                40427.96447753913,
                212572.7090630988
              ]
            ]
          ],
          [
            [
              [
                0.0,
                0.0
              ],
              [
                40405.4065146966,
                212557.86383469516
              ],
              [
                40412.6508789064,
                212557.7122802734
              ],
              [
                40420.90497731888,
                212565.79561354342
              ],
              [
                0.0,
                0.0
              ]
            ]
          ]
        ]
      }
    },
    {
      "type": "Feature",
      "properties": {
        "layer": "YD-G2"
      },
      "geometry": {
        "type": "MultiPolygon",
        "coordinates": [
          [
            [
              [
                40316.84648334059,
                212549.7142850388
              ],
              [
                40317.04772949218,
                212551.004699707
              ],
              [
                40317.28607177734,
                212554.1857299805
              ],
              [
                40317.25091552734,
                212557.796081543
              ],
              [
                40317.36468708166,
                212559.7056979545
              ],
              [
                40412.6508789064,
                212557.7122802734
              ],
              [
                40427.96447753913,
                212572.7090630988
              ],
              [
                40427.96447753906,
                212602.9201727728
              ],
              [
                40437.96447753906,
                212605.2310743077
              ],
              [
                40432.00119261738,
                212573.87871557462
              ],
              [
                40431.99787757107,
                212573.8793472
              ],
              [
                40430.36405962234,
                212565.2894422302
              ],
              [
                40412.44166313123,
                212547.714500772
              ],
              [
                40316.84648334059,
                212549.7142850388
              ]
            ]
          ],
          [
            [
              [
                40437.96447753906,
                212572.7425135876
              ],
              [
                40430.36828224829,
                212565.29358299362
              ],
              [
                40432.00119261738,
                212573.87871557462
              ],
              [
                40437.96447753906,
                212572.7425135876
              ]
            ]
          ],
          [
            [
              [
                0.0,
                0.0
              ],
              [
                40430.36405962234,
                212565.2894422302
              ],
              [
                40430.36828224829,
                212565.29358299362
              ],
              [
                0.0,
                0.0
              ]
            ]
          ]
        ]
      }
    },
    {
      "type": "Feature",
      "properties": {
        "layer": "YD-G1"
      },
      "geometry": {
        "type": "Polygon",
        "coordinates": [
          [
            [
              0.0,
              0.0
            ],
            [
              40427.96447753906,
              212602.9201727728
            ],
            [
              40437.96449141706,
              212605.2310775147
            ],
            [
              40437.96448599988,
              212625.7581145527
            ],
            [
              40384.30572509765,
              212613.3580932617
            ],
            [
              40381.51507568359,
              212613.745300293
            ],
            [
              40378.70227050781,
              212613.903503418
            ],
            [
              40375.88592529297,
              212613.8314819336
            ],
            [
              40373.08489990234,
              212613.5302734375
            ],
            [
              40370.31787109374,
              212613.0012817383
            ],
            [
              40347.11511230469,
              212607.1975097656
            ],
            [
              40323.34832763671,
              212601.2526855469
            ],
            [
              40319.6284790039,
              212598.961303711
            ],
            [
              40315.83709199651,
              212596.151074153
            ],
            [
              40312.84387207031,
              212593.5068969727
            ],
            [
              40309.82910156249,
              212590.344909668
            ],
            [
              40307.09613037109,
              212586.9360961914
            ],
            [
              40304.66491699218,
              212583.3060913086
            ],
            [
              40302.55352783203,
              212579.4810791016
            ],
            [
              40300.77752685547,
              212575.4895019531
            ],
            [
              40299.34930419922,
              212571.3604736328
            ],
            [
              40298.2802734375,
              212567.1243286133
            ],
            [
              40297.57151545687,
              212562.7755068471
            ],
            [
              40297.24315420974,
              212558.4537690611
            ],
            [
              40297.28631591797,
              212554.0856933594
            ],
            [
              40296.67041007312,
              212550.1363754787
            ],
            [
              40316.84648334059,
              212549.7142850388
            ],
            [
              40317.04772949218,
              212551.004699707
            ],
            [
              40317.28607177734,
              212554.1857299805
            ],
            [
              40317.23841793638,
              212559.0795147033
            ],
            [
              40317.39107745051,
              212560.0145028068
            ],
            [
              40317.53425431482,
              212561.6433745084
            ],
            [
              40318.8569546547,
              212566.884933663
            ],
            [
              40321.01930551154,
              212571.7441380772
            ],
            [
              40323.97798214726,
              212576.1617909567
            ],
            [
              40327.67915820421,
              212580.0436084908
            ],
            [
              40331.02587890625,
              212582.4921264649
            ],
            [
              40351.9683227539,
              212587.795288086
            ],
            [
              40376.70880834338,
              212593.9837751459
            ],
            [
              40379.57592773437,
              212593.8228759766
            ],
            [
              40381.55712890625,
              212593.5479125977
            ],
            [
              40383.98168945312,
              212593.3609008789
            ],
            [
              40386.41088867187,
              212593.4692993164
            ],
            [
              40388.80889892578,
              212593.8717041016
            ],
            [
              40422.26763527528,
              212610.9050242333
            ],
            [
              0.0,
              0.0
            ]
          ]
        ]
      }
    }
  ]
}